CONVERSATION_ID,ASSISTANT_ID,EVENT_POSITION,eventData,eventId,timestamp,typeOfEvent,lastUtteranceSource,reason
99948aca-1642-443f-861f-db6681cb9372,08fd0ad8-b8bd-4c6d-a1bf-c381dbe24b4d,55,"{'lastUtteranceSource': 'Bot', 'reason': 'inactivity'}",670148c455f202ce262cc63e,2024-10-05 17:10:12.332,CHAT_CONVERSATION_ENDED,Bot,inactivity
da843cad-a132-413a-b8a1-a0051431d5ad,08fd0ad8-b8bd-4c6d-a1bf-c381dbe24b4d,60,"{'lastUtteranceSource': 'Bot', 'reason': 'inactivity'}",670a2ec38529bdd288930205,2024-10-12 11:09:39.220,CHAT_CONVERSATION_ENDED,Bot,inactivity
c5121f08-ca43-48f3-a285-2265da8c3cc3,08fd0ad8-b8bd-4c6d-a1bf-c381dbe24b4d,31,"{'lastUtteranceSource': 'Bot', 'reason': 'inactivity'}",670adf058529bdd2889970e6,2024-10-12 23:41:41.974,CHAT_CONVERSATION_ENDED,Bot,inactivity
2a6b5a8a-d9a9-4c1c-a75d-3af6830a35b6,08fd0ad8-b8bd-4c6d-a1bf-c381dbe24b4d,28,"{'lastUtteranceSource': 'Bot', 'reason': 'inactivity'}",670a694014519701d613dbb0,2024-10-12 15:19:12.968,CHAT_CONVERSATION_ENDED,Bot,inactivity
6d538cf6-3278-4deb-a8a6-40fca1e87159,08fd0ad8-b8bd-4c6d-a1bf-c381dbe24b4d,20,"{'lastUtteranceSource': 'Bot', 'reason': 'inactivity'}",670bc9f88529bdd2889f8c76,2024-10-13 16:24:08.239,CHAT_CONVERSATION_ENDED,Bot,inactivity
92f48c03-0269-4c9f-b7ba-7661c51f6d17,08fd0ad8-b8bd-4c6d-a1bf-c381dbe24b4d,102,"{'lastUtteranceSource': 'Bot', 'reason': 'inactivity'}",670c2ec714519701d6237998,2024-10-13 23:34:15.739,CHAT_CONVERSATION_ENDED,Bot,inactivity
e107e854-f033-44f5-99c1-baeaf278712a,08fd0ad8-b8bd-4c6d-a1bf-c381dbe24b4d,23,"{'lastUtteranceSource': 'Bot', 'reason': 'inactivity'}",6705dff57673c82f426db491,2024-10-09 04:44:21.045,CHAT_CONVERSATION_ENDED,Bot,inactivity
381c4e4f-598a-4693-b867-2a5a48c68fd5,08fd0ad8-b8bd-4c6d-a1bf-c381dbe24b4d,38,"{'lastUtteranceSource': 'Bot', 'reason': 'inactivity'}",6706ab169a99212463cf27a9,2024-10-09 19:11:02.813,CHAT_CONVERSATION_ENDED,Bot,inactivity
5a82b071-61eb-4251-9b61-6a639f8dd407,08fd0ad8-b8bd-4c6d-a1bf-c381dbe24b4d,32,"{'lastUtteranceSource': 'Bot', 'reason': 'inactivity'}",6706f2409a99212463d356af,2024-10-10 00:14:40.352,CHAT_CONVERSATION_ENDED,Bot,inactivity
b4774e52-b5c9-4153-961e-0639d7a88142,08fd0ad8-b8bd-4c6d-a1bf-c381dbe24b4d,650,"{'lastUtteranceSource': 'Bot', 'reason': 'inactivity'}",6706880814519701d6eb40c3,2024-10-09 16:41:28.953,CHAT_CONVERSATION_ENDED,Bot,inactivity
e4d60978-4a95-44d5-ad15-0d5bb92df8fe,08fd0ad8-b8bd-4c6d-a1bf-c381dbe24b4d,65,"{'lastUtteranceSource': 'Bot', 'reason': 'inactivity'}",6706c13114519701d6eedc64,2024-10-09 20:45:21.857,CHAT_CONVERSATION_ENDED,Bot,inactivity
bacd9d94-c494-433a-8703-b070afacea7f,08fd0ad8-b8bd-4c6d-a1bf-c381dbe24b4d,23,"{'lastUtteranceSource': 'Bot', 'reason': 'inactivity'}",670680f77673c82f4272fb04,2024-10-09 16:11:19.067,CHAT_CONVERSATION_ENDED,Bot,inactivity
fdb7d2b9-cd17-424e-801d-f0ec562fc792,08fd0ad8-b8bd-4c6d-a1bf-c381dbe24b4d,75,"{'lastUtteranceSource': 'Bot', 'reason': 'inactivity'}",6706bafb14519701d6ee7ab8,2024-10-09 20:18:51.721,CHAT_CONVERSATION_ENDED,Bot,inactivity
2c492573-9e03-4653-9390-e1c7c9660c6a,08fd0ad8-b8bd-4c6d-a1bf-c381dbe24b4d,34,"{'lastUtteranceSource': 'Bot', 'reason': 'inactivity'}",670694889a99212463cda2ec,2024-10-09 17:34:48.909,CHAT_CONVERSATION_ENDED,Bot,inactivity
132571e6-460b-4799-891e-d5c003466df3,08fd0ad8-b8bd-4c6d-a1bf-c381dbe24b4d,37,"{'lastUtteranceSource': 'Bot', 'reason': 'inactivity'}",6706d6ae9a99212463d1d913,2024-10-09 22:17:02.304,CHAT_CONVERSATION_ENDED,Bot,inactivity
029ca60a-b59b-4b63-a3aa-304250850215,08fd0ad8-b8bd-4c6d-a1bf-c381dbe24b4d,89,"{'lastUtteranceSource': 'Bot', 'reason': 'inactivity'}",6706beb1f480fd5383aba333,2024-10-09 20:34:41.221,CHAT_CONVERSATION_ENDED,Bot,inactivity
70d3afc0-0b17-4982-aab5-fca8e7e0d765,08fd0ad8-b8bd-4c6d-a1bf-c381dbe24b4d,118,"{'lastUtteranceSource': 'Bot', 'reason': 'inactivity'}",6706b733f480fd5383ab2f04,2024-10-09 20:02:43.631,CHAT_CONVERSATION_ENDED,Bot,inactivity
fee939f6-640f-4f2b-a37e-70adf06de7af,08fd0ad8-b8bd-4c6d-a1bf-c381dbe24b4d,58,"{'lastUtteranceSource': 'Bot', 'reason': 'inactivity'}",670609b27673c82f426fabaf,2024-10-09 07:42:26.584,CHAT_CONVERSATION_ENDED,Bot,inactivity
f89b847a-cb2d-45c4-8e6f-9a85e3f68bfb,08fd0ad8-b8bd-4c6d-a1bf-c381dbe24b4d,48,"{'lastUtteranceSource': 'Bot', 'reason': 'inactivity'}",670688dd9a99212463ccb3c3,2024-10-09 16:45:01.881,CHAT_CONVERSATION_ENDED,Bot,inactivity
8a84ca2c-181d-48d8-aac0-81c585eebf6e,08fd0ad8-b8bd-4c6d-a1bf-c381dbe24b4d,30,"{'lastUtteranceSource': 'Bot', 'reason': 'inactivity'}",66ffff68da6a1c1483207b65,2024-10-04 17:44:56.719,CHAT_CONVERSATION_ENDED,Bot,inactivity
ca80f6ea-ec4c-4500-9115-154501786dc5,08fd0ad8-b8bd-4c6d-a1bf-c381dbe24b4d,41,"{'lastUtteranceSource': 'Bot', 'reason': 'inactivity'}",66ff4e6dce37c37834a21e68,2024-10-04 05:09:49.285,CHAT_CONVERSATION_ENDED,Bot,inactivity
42e76e73-8b26-4032-8e6e-048c81b85887,08fd0ad8-b8bd-4c6d-a1bf-c381dbe24b4d,80,"{'lastUtteranceSource': 'Bot', 'reason': 'inactivity'}",67001c55da6a1c148322487a,2024-10-04 19:48:21.616,CHAT_CONVERSATION_ENDED,Bot,inactivity
2b488532-edf7-4a8d-b093-a51a27c5cb90,08fd0ad8-b8bd-4c6d-a1bf-c381dbe24b4d,75,"{'lastUtteranceSource': 'Bot', 'reason': 'inactivity'}",6700027c55f202ce26208cb8,2024-10-04 17:58:04.711,CHAT_CONVERSATION_ENDED,Bot,inactivity
2896ceaa-2a28-4414-aa3a-ef59827c6ec6,08fd0ad8-b8bd-4c6d-a1bf-c381dbe24b4d,54,"{'lastUtteranceSource': 'Bot', 'reason': 'inactivity'}",67001b2fce37c37834aa653f,2024-10-04 19:43:27.236,CHAT_CONVERSATION_ENDED,Bot,inactivity
3fc467dc-8974-441a-ad3e-d4cfe89aa404,08fd0ad8-b8bd-4c6d-a1bf-c381dbe24b4d,26,"{'lastUtteranceSource': 'Bot', 'reason': 'inactivity'}",67000886ce37c37834a94b02,2024-10-04 18:23:50.397,CHAT_CONVERSATION_ENDED,Bot,inactivity
e1a86e62-0317-49e0-b995-b946011cc714,08fd0ad8-b8bd-4c6d-a1bf-c381dbe24b4d,212,"{'lastUtteranceSource': 'Bot', 'reason': 'inactivity'}",67006cf555f202ce262618a8,2024-10-05 01:32:21.492,CHAT_CONVERSATION_ENDED,Bot,inactivity
e1a86e62-0317-49e0-b995-b946011cc714,08fd0ad8-b8bd-4c6d-a1bf-c381dbe24b4d,213,"{'lastUtteranceSource': 'Bot', 'reason': 'inactivity'}",67006cf555f202ce262618a7,2024-10-05 01:32:21.492,CHAT_CONVERSATION_ENDED,Bot,inactivity
47db429f-a6dd-43c9-b15f-fd6152d7980a,08fd0ad8-b8bd-4c6d-a1bf-c381dbe24b4d,79,"{'lastUtteranceSource': 'Bot', 'reason': 'inactivity'}",670037b3da6a1c148323b1e6,2024-10-04 21:45:07.938,CHAT_CONVERSATION_ENDED,Bot,inactivity
c1147b6f-b843-4aeb-9ce0-4de234a8a96c,08fd0ad8-b8bd-4c6d-a1bf-c381dbe24b4d,65,"{'lastUtteranceSource': 'Bot', 'reason': 'inactivity'}",66ffe061ce37c37834a68514,2024-10-04 15:32:33.080,CHAT_CONVERSATION_ENDED,Bot,inactivity
725cee27-68db-48a5-8033-da57760453e2,08fd0ad8-b8bd-4c6d-a1bf-c381dbe24b4d,74,"{'lastUtteranceSource': 'Bot', 'reason': 'inactivity'}",670039fefd4c301deb1d4333,2024-10-04 21:54:54.739,CHAT_CONVERSATION_ENDED,Bot,inactivity
116f1dfc-4fb6-4b0e-91ab-eb98524991a1,08fd0ad8-b8bd-4c6d-a1bf-c381dbe24b4d,90,"{'lastUtteranceSource': 'Bot', 'reason': 'inactivity'}",66fdc7a0ce37c378348efca0,2024-10-03 01:22:24.655,CHAT_CONVERSATION_ENDED,Bot,inactivity
6e587716-cd7a-4705-a525-3817bef83850,08fd0ad8-b8bd-4c6d-a1bf-c381dbe24b4d,43,"{'lastUtteranceSource': 'Bot', 'reason': 'inactivity'}",66fd6b9bce37c3783489bf62,2024-10-02 18:49:47.850,CHAT_CONVERSATION_ENDED,Bot,inactivity
ec4908bd-d678-4c25-92a7-5835f01110de,08fd0ad8-b8bd-4c6d-a1bf-c381dbe24b4d,24,"{'lastUtteranceSource': 'Bot', 'reason': 'inactivity'}",66fd82864a29b75ae4999663,2024-10-02 20:27:34.430,CHAT_CONVERSATION_ENDED,Bot,inactivity
d281f360-db16-4702-93da-fb663c44996d,08fd0ad8-b8bd-4c6d-a1bf-c381dbe24b4d,79,"{'lastUtteranceSource': 'Bot', 'reason': 'inactivity'}",66fd3631ce37c3783485ef0b,2024-10-02 15:01:53.499,CHAT_CONVERSATION_ENDED,Bot,inactivity
f32d761e-22c0-4401-9477-546f7e4ea84d,08fd0ad8-b8bd-4c6d-a1bf-c381dbe24b4d,108,"{'lastUtteranceSource': 'Bot', 'reason': 'inactivity'}",66fd6bc44a29b75ae498639a,2024-10-02 18:50:28.604,CHAT_CONVERSATION_ENDED,Bot,inactivity
f32d761e-22c0-4401-9477-546f7e4ea84d,08fd0ad8-b8bd-4c6d-a1bf-c381dbe24b4d,109,"{'lastUtteranceSource': 'Bot', 'reason': 'inactivity'}",66fd6bc44a29b75ae498639b,2024-10-02 18:50:28.604,CHAT_CONVERSATION_ENDED,Bot,inactivity
f32d761e-22c0-4401-9477-546f7e4ea84d,08fd0ad8-b8bd-4c6d-a1bf-c381dbe24b4d,110,"{'lastUtteranceSource': 'Bot', 'reason': 'inactivity'}",66fd6bc456f35ba81d9c907b,2024-10-02 18:50:28.604,CHAT_CONVERSATION_ENDED,Bot,inactivity
f32d761e-22c0-4401-9477-546f7e4ea84d,08fd0ad8-b8bd-4c6d-a1bf-c381dbe24b4d,111,"{'lastUtteranceSource': 'Bot', 'reason': 'inactivity'}",66fd6bc456f35ba81d9c907c,2024-10-02 18:50:28.604,CHAT_CONVERSATION_ENDED,Bot,inactivity
e1d1d56c-a04b-4e2e-b4c1-b354c5fc97ad,08fd0ad8-b8bd-4c6d-a1bf-c381dbe24b4d,49,"{'lastUtteranceSource': 'Bot', 'reason': 'inactivity'}",66fd6a30ce37c3783489a8ed,2024-10-02 18:43:44.263,CHAT_CONVERSATION_ENDED,Bot,inactivity
c6dd4b2c-9fd4-4884-af49-5a5dca0d29c6,08fd0ad8-b8bd-4c6d-a1bf-c381dbe24b4d,50,"{'lastUtteranceSource': 'Bot', 'reason': 'inactivity'}",6700169dce37c37834aa24ea,2024-10-04 19:23:57.448,CHAT_CONVERSATION_ENDED,Bot,inactivity
0cded824-9a55-404b-be57-9d95877ed4c2,08fd0ad8-b8bd-4c6d-a1bf-c381dbe24b4d,37,"{'lastUtteranceSource': 'Bot', 'reason': 'inactivity'}",67007d6155f202ce2626f5b0,2024-10-05 02:42:25.581,CHAT_CONVERSATION_ENDED,Bot,inactivity
586ce56e-2171-479d-9a23-718e64ea924f,08fd0ad8-b8bd-4c6d-a1bf-c381dbe24b4d,27,"{'lastUtteranceSource': 'Bot', 'reason': 'inactivity'}",67000ac555f202ce2621257d,2024-10-04 18:33:25.691,CHAT_CONVERSATION_ENDED,Bot,inactivity
5fb8d3c9-2e83-47b8-8e83-197f43011b23,08fd0ad8-b8bd-4c6d-a1bf-c381dbe24b4d,144,"{'lastUtteranceSource': 'Bot', 'reason': 'inactivity'}",67001c88fd4c301deb1bbc08,2024-10-04 19:49:12.162,CHAT_CONVERSATION_ENDED,Bot,inactivity
d979bc4c-cafa-40c9-bca7-9b23a5e46e25,08fd0ad8-b8bd-4c6d-a1bf-c381dbe24b4d,76,"{'lastUtteranceSource': 'Bot', 'reason': 'inactivity'}",66ff4d9755f202ce261a725c,2024-10-04 05:06:15.731,CHAT_CONVERSATION_ENDED,Bot,inactivity
a6e1bf9f-3db5-4da4-a9e1-a711d58de47c,08fd0ad8-b8bd-4c6d-a1bf-c381dbe24b4d,341,"{'lastUtteranceSource': 'Bot', 'reason': 'inactivity'}",66fd862855f202ce260622a1,2024-10-02 20:43:04.582,CHAT_CONVERSATION_ENDED,Bot,inactivity
a6e1bf9f-3db5-4da4-a9e1-a711d58de47c,08fd0ad8-b8bd-4c6d-a1bf-c381dbe24b4d,342,"{'lastUtteranceSource': 'Bot', 'reason': 'inactivity'}",66fd862855f202ce260622a2,2024-10-02 20:43:04.583,CHAT_CONVERSATION_ENDED,Bot,inactivity
d69b0bb7-1c71-44d4-bfe1-29cdaaca87c0,08fd0ad8-b8bd-4c6d-a1bf-c381dbe24b4d,37,"{'lastUtteranceSource': 'Bot', 'reason': 'inactivity'}",66fd3f6b55f202ce26020d3d,2024-10-02 15:41:15.206,CHAT_CONVERSATION_ENDED,Bot,inactivity
d69b0bb7-1c71-44d4-bfe1-29cdaaca87c0,08fd0ad8-b8bd-4c6d-a1bf-c381dbe24b4d,38,"{'lastUtteranceSource': 'Bot', 'reason': 'inactivity'}",66fd3f6bce37c378348686f9,2024-10-02 15:41:15.209,CHAT_CONVERSATION_ENDED,Bot,inactivity
8d487488-d409-4ca3-b397-799031e28edb,08fd0ad8-b8bd-4c6d-a1bf-c381dbe24b4d,112,"{'lastUtteranceSource': 'Bot', 'reason': 'inactivity'}",66fdbd4d56f35ba81da0b1c1,2024-10-03 00:38:21.381,CHAT_CONVERSATION_ENDED,Bot,inactivity
ff959007-d430-49bf-b9ce-f5e0a2dbce5a,08fd0ad8-b8bd-4c6d-a1bf-c381dbe24b4d,31,"{'lastUtteranceSource': 'Bot', 'reason': 'inactivity'}",66fd51df4a29b75ae496dcbb,2024-10-02 16:59:59.792,CHAT_CONVERSATION_ENDED,Bot,inactivity
509e9c2b-cf55-4781-be8f-284ca9339c81,08fd0ad8-b8bd-4c6d-a1bf-c381dbe24b4d,117,"{'lastUtteranceSource': 'Bot', 'reason': 'inactivity'}",66fdaee156f35ba81d9ff934,2024-10-02 23:36:49.595,CHAT_CONVERSATION_ENDED,Bot,inactivity
509e9c2b-cf55-4781-be8f-284ca9339c81,08fd0ad8-b8bd-4c6d-a1bf-c381dbe24b4d,118,"{'lastUtteranceSource': 'Bot', 'reason': 'inactivity'}",66fdaee156f35ba81d9ff935,2024-10-02 23:36:49.596,CHAT_CONVERSATION_ENDED,Bot,inactivity
afee8fa0-a3b3-4cd6-b2f9-55a072d52fe2,08fd0ad8-b8bd-4c6d-a1bf-c381dbe24b4d,32,"{'lastUtteranceSource': 'Bot', 'reason': 'inactivity'}",67083914d7b6713c29c26207,2024-10-10 23:29:08.529,CHAT_CONVERSATION_ENDED,Bot,inactivity
c131cebc-880b-424a-afe4-ecf901a21c31,08fd0ad8-b8bd-4c6d-a1bf-c381dbe24b4d,35,"{'lastUtteranceSource': 'Bot', 'reason': 'inactivity'}",6708328a8529bdd2887e4749,2024-10-10 23:01:14.280,CHAT_CONVERSATION_ENDED,Bot,inactivity
5dd8a52a-8b9d-44d2-954c-3698a61d6557,08fd0ad8-b8bd-4c6d-a1bf-c381dbe24b4d,33,"{'lastUtteranceSource': 'Bot', 'reason': 'inactivity'}",6708305b8529bdd2887e2a4a,2024-10-10 22:51:55.627,CHAT_CONVERSATION_ENDED,Bot,inactivity
982a906c-15d2-4560-98d6-8ab3d75f35e2,08fd0ad8-b8bd-4c6d-a1bf-c381dbe24b4d,76,"{'lastUtteranceSource': 'Bot', 'reason': 'inactivity'}",6707d45d7673c82f42812b50,2024-10-10 16:19:25.708,CHAT_CONVERSATION_ENDED,Bot,inactivity
59ff0929-6ba0-4fce-b4bf-29bcc3d048b4,08fd0ad8-b8bd-4c6d-a1bf-c381dbe24b4d,47,"{'lastUtteranceSource': 'Bot', 'reason': 'inactivity'}",6707d57a14519701d6f91c43,2024-10-10 16:24:10.762,CHAT_CONVERSATION_ENDED,Bot,inactivity
59ff0929-6ba0-4fce-b4bf-29bcc3d048b4,08fd0ad8-b8bd-4c6d-a1bf-c381dbe24b4d,48,"{'lastUtteranceSource': 'Bot', 'reason': 'inactivity'}",6707d57a7673c82f42813b54,2024-10-10 16:24:10.763,CHAT_CONVERSATION_ENDED,Bot,inactivity
13f9da37-000b-45f7-958d-9e79d05f8bfd,08fd0ad8-b8bd-4c6d-a1bf-c381dbe24b4d,23,"{'lastUtteranceSource': 'Bot', 'reason': 'inactivity'}",670c420e8529bdd288a4dfe2,2024-10-14 00:56:30.641,CHAT_CONVERSATION_ENDED,Bot,inactivity
18360d87-9d3d-4735-9983-6b1de826d481,08fd0ad8-b8bd-4c6d-a1bf-c381dbe24b4d,22,"{'lastUtteranceSource': 'Bot', 'reason': 'inactivity'}",670c00298529bdd288a1dce8,2024-10-13 20:15:21.922,CHAT_CONVERSATION_ENDED,Bot,inactivity
36887ea0-dce8-4849-b7ed-40170e769b1a,08fd0ad8-b8bd-4c6d-a1bf-c381dbe24b4d,50,"{'lastUtteranceSource': 'Bot', 'reason': 'inactivity'}",670c00c214519701d62167f7,2024-10-13 20:17:54.258,CHAT_CONVERSATION_ENDED,Bot,inactivity
dca37f59-665b-4285-be09-dda0f585572a,08fd0ad8-b8bd-4c6d-a1bf-c381dbe24b4d,57,"{'lastUtteranceSource': 'Bot', 'reason': 'inactivity'}",670b1fa114519701d61b7bc1,2024-10-13 04:17:21.913,CHAT_CONVERSATION_ENDED,Bot,inactivity
707237c6-156b-412e-ab85-f91e8d5b64cd,08fd0ad8-b8bd-4c6d-a1bf-c381dbe24b4d,41,"{'lastUtteranceSource': 'Bot', 'reason': 'inactivity'}",6708311786501aa6ad21dd12,2024-10-10 22:55:03.551,CHAT_CONVERSATION_ENDED,Bot,inactivity
e17ed1d1-f6ad-4269-8805-711a8ff87d25,08fd0ad8-b8bd-4c6d-a1bf-c381dbe24b4d,74,"{'lastUtteranceSource': 'Bot', 'reason': 'inactivity'}",6707d34c14519701d6f8f6e8,2024-10-10 16:14:52.550,CHAT_CONVERSATION_ENDED,Bot,inactivity
e17ed1d1-f6ad-4269-8805-711a8ff87d25,08fd0ad8-b8bd-4c6d-a1bf-c381dbe24b4d,75,"{'lastUtteranceSource': 'Bot', 'reason': 'inactivity'}",6707d34c7673c82f428115f5,2024-10-10 16:14:52.551,CHAT_CONVERSATION_ENDED,Bot,inactivity
7b5aff83-f0bf-4b15-a382-994800502217,08fd0ad8-b8bd-4c6d-a1bf-c381dbe24b4d,45,"{'lastUtteranceSource': 'Bot', 'reason': 'inactivity'}",670857c014519701d60070f8,2024-10-11 01:40:00.130,CHAT_CONVERSATION_ENDED,Bot,inactivity
32dae4a8-6faa-461d-ba03-71e3a56c844f,08fd0ad8-b8bd-4c6d-a1bf-c381dbe24b4d,57,"{'lastUtteranceSource': 'Bot', 'reason': 'inactivity'}",6707851114519701d6f6acce,2024-10-10 10:41:05.526,CHAT_CONVERSATION_ENDED,Bot,inactivity
0751bbb4-c5e4-41b9-9453-2d35109d8284,08fd0ad8-b8bd-4c6d-a1bf-c381dbe24b4d,47,"{'lastUtteranceSource': 'Bot', 'reason': 'inactivity'}",6707dd448529bdd288794354,2024-10-10 16:57:24.335,CHAT_CONVERSATION_ENDED,Bot,inactivity
cd97114a-edaf-4ab9-838e-bfa2b4a96751,08fd0ad8-b8bd-4c6d-a1bf-c381dbe24b4d,36,"{'lastUtteranceSource': 'Bot', 'reason': 'inactivity'}",6708065b8529bdd2887bdd5b,2024-10-10 19:52:43.363,CHAT_CONVERSATION_ENDED,Bot,inactivity
af84f537-d27d-404c-9406-11b28398d3eb,08fd0ad8-b8bd-4c6d-a1bf-c381dbe24b4d,40,"{'lastUtteranceSource': 'Bot', 'reason': 'inactivity'}",670834dad7b6713c29c21f20,2024-10-10 23:11:06.785,CHAT_CONVERSATION_ENDED,Bot,inactivity
6c551be9-7f76-49ea-bb0a-476cc1d90e1a,08fd0ad8-b8bd-4c6d-a1bf-c381dbe24b4d,129,"{'lastUtteranceSource': 'Bot', 'reason': 'inactivity'}",67080b0f86501aa6ad1fd078,2024-10-10 20:12:47.848,CHAT_CONVERSATION_ENDED,Bot,inactivity
d2cd8ea6-8f50-4354-a457-d068a3a0b6a5,08fd0ad8-b8bd-4c6d-a1bf-c381dbe24b4d,72,"{'lastUtteranceSource': 'Bot', 'reason': 'inactivity'}",6708016314519701d6fbd8d9,2024-10-10 19:31:31.470,CHAT_CONVERSATION_ENDED,Bot,inactivity
6de42711-f810-41bd-aa0d-6d4acf9d6b49,08fd0ad8-b8bd-4c6d-a1bf-c381dbe24b4d,91,"{'lastUtteranceSource': 'Bot', 'reason': 'inactivity'}",670832178529bdd2887e4136,2024-10-10 22:59:19.428,CHAT_CONVERSATION_ENDED,Bot,inactivity
f31ef72a-ca89-4069-aafc-d2fad1072a55,08fd0ad8-b8bd-4c6d-a1bf-c381dbe24b4d,61,"{'lastUtteranceSource': 'Bot', 'reason': 'inactivity'}",67082e0b8529bdd2887e0bf4,2024-10-10 22:42:03.283,CHAT_CONVERSATION_ENDED,Bot,inactivity
9256f91b-4855-41c9-b774-8942aeb122cd,08fd0ad8-b8bd-4c6d-a1bf-c381dbe24b4d,30,"{'lastUtteranceSource': 'Bot', 'reason': 'inactivity'}",67083e8e14519701d6ff2835,2024-10-10 23:52:30.857,CHAT_CONVERSATION_ENDED,Bot,inactivity
22796da5-4908-4e8c-801c-b64ad50a6f78,08fd0ad8-b8bd-4c6d-a1bf-c381dbe24b4d,98,"{'lastUtteranceSource': 'Bot', 'reason': 'inactivity'}",67083fe6d7b6713c29c2dd34,2024-10-10 23:58:14.304,CHAT_CONVERSATION_ENDED,Bot,inactivity
0de89a57-7eb7-44d6-b6d5-55dec12a5e7a,08fd0ad8-b8bd-4c6d-a1bf-c381dbe24b4d,48,"{'lastUtteranceSource': 'Bot', 'reason': 'inactivity'}",67084cdb14519701d6fff679,2024-10-11 00:53:31.687,CHAT_CONVERSATION_ENDED,Bot,inactivity
4cb930b8-08c7-419e-87e3-d361fe0f7a16,08fd0ad8-b8bd-4c6d-a1bf-c381dbe24b4d,73,"{'lastUtteranceSource': 'Bot', 'reason': 'inactivity'}",6707526014519701d6f5c113,2024-10-10 07:04:48.259,CHAT_CONVERSATION_ENDED,Bot,inactivity
1c523941-7387-4720-a0b7-5c458ce0d8aa,08fd0ad8-b8bd-4c6d-a1bf-c381dbe24b4d,96,"{'lastUtteranceSource': 'Bot', 'reason': 'inactivity'}",670836fad7b6713c29c2401d,2024-10-10 23:20:10.674,CHAT_CONVERSATION_ENDED,Bot,inactivity
1c523941-7387-4720-a0b7-5c458ce0d8aa,08fd0ad8-b8bd-4c6d-a1bf-c381dbe24b4d,97,"{'lastUtteranceSource': 'Bot', 'reason': 'inactivity'}",670836fa14519701d6feb41d,2024-10-10 23:20:10.677,CHAT_CONVERSATION_ENDED,Bot,inactivity
1c523941-7387-4720-a0b7-5c458ce0d8aa,08fd0ad8-b8bd-4c6d-a1bf-c381dbe24b4d,98,"{'lastUtteranceSource': 'Bot', 'reason': 'inactivity'}",670836fa8529bdd2887e7fe4,2024-10-10 23:20:10.678,CHAT_CONVERSATION_ENDED,Bot,inactivity
1c523941-7387-4720-a0b7-5c458ce0d8aa,08fd0ad8-b8bd-4c6d-a1bf-c381dbe24b4d,99,"{'lastUtteranceSource': 'Bot', 'reason': 'inactivity'}",670836fa86501aa6ad2228e4,2024-10-10 23:20:10.686,CHAT_CONVERSATION_ENDED,Bot,inactivity
453db8d7-b74b-49bc-a346-81beaaeae6ce,08fd0ad8-b8bd-4c6d-a1bf-c381dbe24b4d,34,"{'lastUtteranceSource': 'Bot', 'reason': 'inactivity'}",67081f43d7b6713c29c09ba0,2024-10-10 21:38:59.636,CHAT_CONVERSATION_ENDED,Bot,inactivity
959ff3b1-5e36-4eeb-8eda-b520380193f2,08fd0ad8-b8bd-4c6d-a1bf-c381dbe24b4d,127,"{'lastUtteranceSource': 'Bot', 'reason': 'inactivity'}",6708217414519701d6fd957b,2024-10-10 21:48:20.444,CHAT_CONVERSATION_ENDED,Bot,inactivity
1717ce2e-7671-4504-8085-aa0380f14894,08fd0ad8-b8bd-4c6d-a1bf-c381dbe24b4d,39,"{'lastUtteranceSource': 'Bot', 'reason': 'inactivity'}",67080b2e86501aa6ad1fd223,2024-10-10 20:13:18.241,CHAT_CONVERSATION_ENDED,Bot,inactivity
4f142e78-1d15-4cce-9567-64a9f91be71f,08fd0ad8-b8bd-4c6d-a1bf-c381dbe24b4d,207,"{'lastUtteranceSource': 'Bot', 'reason': 'inactivity'}",6708545014519701d6004c67,2024-10-11 01:25:20.490,CHAT_CONVERSATION_ENDED,Bot,inactivity
5aa515f0-d88f-4e36-b50f-62819e12bcea,08fd0ad8-b8bd-4c6d-a1bf-c381dbe24b4d,114,"{'lastUtteranceSource': 'Bot', 'reason': 'inactivity'}",6702893fce37c37834c13bfc,2024-10-06 15:57:35.235,CHAT_CONVERSATION_ENDED,Bot,inactivity
5aa515f0-d88f-4e36-b50f-62819e12bcea,08fd0ad8-b8bd-4c6d-a1bf-c381dbe24b4d,115,"{'lastUtteranceSource': 'Bot', 'reason': 'inactivity'}",6702893f55f202ce2636fb0c,2024-10-06 15:57:35.236,CHAT_CONVERSATION_ENDED,Bot,inactivity
09a7a852-7e04-4ccf-b62f-b12eddf51e8f,08fd0ad8-b8bd-4c6d-a1bf-c381dbe24b4d,48,"{'lastUtteranceSource': 'Bot', 'reason': 'inactivity'}",6702d107ce37c37834c47340,2024-10-06 21:03:51.196,CHAT_CONVERSATION_ENDED,Bot,inactivity
998198b1-fa18-4cf5-ade7-97470dd63b17,08fd0ad8-b8bd-4c6d-a1bf-c381dbe24b4d,34,"{'lastUtteranceSource': 'Bot', 'reason': 'inactivity'}",67024d70ce37c37834c01066,2024-10-06 11:42:24.877,CHAT_CONVERSATION_ENDED,Bot,inactivity
d8e8beba-0f74-42a4-a887-834f32f1ece8,08fd0ad8-b8bd-4c6d-a1bf-c381dbe24b4d,33,"{'lastUtteranceSource': 'Bot', 'reason': 'inactivity'}",6702520755f202ce2635f4a1,2024-10-06 12:01:59.717,CHAT_CONVERSATION_ENDED,Bot,inactivity
868d9fee-f1fe-4f2c-a403-cc731ab3afa7,08fd0ad8-b8bd-4c6d-a1bf-c381dbe24b4d,121,"{'lastUtteranceSource': 'Bot', 'reason': 'inactivity'}",6702faa355f202ce263bd14b,2024-10-07 00:01:23.483,CHAT_CONVERSATION_ENDED,Bot,inactivity
c201c076-3834-4047-9727-760debbe52ee,08fd0ad8-b8bd-4c6d-a1bf-c381dbe24b4d,60,"{'lastUtteranceSource': 'Bot', 'reason': 'inactivity'}",66fea88255f202ce26114ff6,2024-10-03 17:21:54.116,CHAT_CONVERSATION_ENDED,Bot,inactivity
3ab4c3c9-6a78-4f14-9b7f-aae89af39c2b,08fd0ad8-b8bd-4c6d-a1bf-c381dbe24b4d,56,"{'lastUtteranceSource': 'Bot', 'reason': 'inactivity'}",66fde3d5ce37c3783490bf30,2024-10-03 03:22:45.030,CHAT_CONVERSATION_ENDED,Bot,inactivity
335b8696-3430-4765-b52c-886fc5b7a794,08fd0ad8-b8bd-4c6d-a1bf-c381dbe24b4d,24,"{'lastUtteranceSource': 'Bot', 'reason': 'inactivity'}",66fdee6055f202ce260b514d,2024-10-03 04:07:44.780,CHAT_CONVERSATION_ENDED,Bot,inactivity
93dd4316-3517-42f5-b4c4-7cc17d2d30ab,08fd0ad8-b8bd-4c6d-a1bf-c381dbe24b4d,432,"{'lastUtteranceSource': 'Bot', 'reason': 'inactivity'}",66feef797886d98a5f3fb503,2024-10-03 22:24:41.980,CHAT_CONVERSATION_ENDED,Bot,inactivity
93dd4316-3517-42f5-b4c4-7cc17d2d30ab,08fd0ad8-b8bd-4c6d-a1bf-c381dbe24b4d,433,"{'lastUtteranceSource': 'Bot', 'reason': 'inactivity'}",66feef799aed72ff524d3e5f,2024-10-03 22:24:41.980,CHAT_CONVERSATION_ENDED,Bot,inactivity
1836214e-9941-4fa0-a8bb-326dae297058,08fd0ad8-b8bd-4c6d-a1bf-c381dbe24b4d,63,"{'lastUtteranceSource': 'Bot', 'reason': 'inactivity'}",66fea52255f202ce261111d5,2024-10-03 17:07:30.298,CHAT_CONVERSATION_ENDED,Bot,inactivity
1d926e19-6acd-4bd3-8582-5f26a9537ed3,08fd0ad8-b8bd-4c6d-a1bf-c381dbe24b4d,62,"{'lastUtteranceSource': 'Bot', 'reason': 'inactivity'}",66fe180ece37c37834936713,2024-10-03 07:05:34.062,CHAT_CONVERSATION_ENDED,Bot,inactivity
062d6f20-9f46-4e9d-9b1f-060ed16e265b,08fd0ad8-b8bd-4c6d-a1bf-c381dbe24b4d,208,"{'lastUtteranceSource': 'Bot', 'reason': 'inactivity'}",66fe6d8455f202ce260e6a8b,2024-10-03 13:10:12.703,CHAT_CONVERSATION_ENDED,Bot,inactivity
34258b8f-276a-4e35-8441-f1888e5abfe2,08fd0ad8-b8bd-4c6d-a1bf-c381dbe24b4d,43,"{'lastUtteranceSource': 'Bot', 'reason': 'inactivity'}",66feb4e97886d98a5f3c5cfa,2024-10-03 18:14:49.168,CHAT_CONVERSATION_ENDED,Bot,inactivity
b8fda17f-7521-46b5-bc07-28151191af4f,08fd0ad8-b8bd-4c6d-a1bf-c381dbe24b4d,67,"{'lastUtteranceSource': 'Bot', 'reason': 'inactivity'}",67007632ce37c37834af2528,2024-10-05 02:11:46.013,CHAT_CONVERSATION_ENDED,Bot,inactivity
da413d4d-f91a-488a-bac3-c9edc8e12b75,08fd0ad8-b8bd-4c6d-a1bf-c381dbe24b4d,50,"{'lastUtteranceSource': 'Bot', 'reason': 'inactivity'}",670d28ab881e9aad8ce1d25e,2024-10-14 17:20:27.342,CHAT_CONVERSATION_ENDED,Bot,inactivity
188f19f2-85a5-4710-92fc-ebfc395166ea,08fd0ad8-b8bd-4c6d-a1bf-c381dbe24b4d,26,"{'lastUtteranceSource': 'Bot', 'reason': 'inactivity'}",670d49398790e7f88c2751b1,2024-10-14 19:39:21.535,CHAT_CONVERSATION_ENDED,Bot,inactivity
bed39ba7-4cb0-4f27-bd77-5a3e6eba1083,08fd0ad8-b8bd-4c6d-a1bf-c381dbe24b4d,20,"{'lastUtteranceSource': 'Bot', 'reason': 'inactivity'}",670d801a3aa758cc7b48c362,2024-10-14 23:33:30.159,CHAT_CONVERSATION_ENDED,Bot,inactivity
31d82f22-cae2-4125-94d4-c0186dc1c114,08fd0ad8-b8bd-4c6d-a1bf-c381dbe24b4d,51,"{'lastUtteranceSource': 'Bot', 'reason': 'inactivity'}",670d20c68529bdd288acc9fa,2024-10-14 16:46:46.012,CHAT_CONVERSATION_ENDED,Bot,inactivity
903c247e-7e5a-41c4-b065-2460f519cb6d,08fd0ad8-b8bd-4c6d-a1bf-c381dbe24b4d,205,"{'lastUtteranceSource': 'Bot', 'reason': 'inactivity'}",6706ed1b14519701d6f14dda,2024-10-09 23:52:43.775,CHAT_CONVERSATION_ENDED,Bot,inactivity
34866ad4-e7d5-4ae6-904e-f12571edecf1,08fd0ad8-b8bd-4c6d-a1bf-c381dbe24b4d,45,"{'lastUtteranceSource': 'Bot', 'reason': 'inactivity'}",6706cef89a99212463d162c8,2024-10-09 21:44:08.831,CHAT_CONVERSATION_ENDED,Bot,inactivity
04a804a8-6b7e-4189-9b9e-cfe6b73a5e60,08fd0ad8-b8bd-4c6d-a1bf-c381dbe24b4d,80,"{'lastUtteranceSource': 'Bot', 'reason': 'inactivity'}",6707faac86501aa6ad1eec12,2024-10-10 19:02:52.054,CHAT_CONVERSATION_ENDED,Bot,inactivity
04a804a8-6b7e-4189-9b9e-cfe6b73a5e60,08fd0ad8-b8bd-4c6d-a1bf-c381dbe24b4d,81,"{'lastUtteranceSource': 'Bot', 'reason': 'inactivity'}",6707faac14519701d6fb7ae8,2024-10-10 19:02:52.055,CHAT_CONVERSATION_ENDED,Bot,inactivity
cb535099-d2b4-4d57-8f3c-6b91b21e7bba,08fd0ad8-b8bd-4c6d-a1bf-c381dbe24b4d,40,"{'lastUtteranceSource': 'Bot', 'reason': 'inactivity'}",66fc0382ce37c37834788e6f,2024-10-01 17:13:22.091,CHAT_CONVERSATION_ENDED,Bot,inactivity
cb316e92-475d-43e9-90d6-62003d2d91c9,08fd0ad8-b8bd-4c6d-a1bf-c381dbe24b4d,40,"{'lastUtteranceSource': 'Bot', 'reason': 'inactivity'}",66fbeb3755f202ce26f45b0e,2024-10-01 15:29:43.464,CHAT_CONVERSATION_ENDED,Bot,inactivity
1dded0ce-89ed-4ae1-8982-7a19f9e44af8,08fd0ad8-b8bd-4c6d-a1bf-c381dbe24b4d,106,"{'lastUtteranceSource': 'Bot', 'reason': 'inactivity'}",66fc2ef3ce37c378347b5518,2024-10-01 20:18:43.253,CHAT_CONVERSATION_ENDED,Bot,inactivity
07b12dd2-079d-4221-aa9b-9d8bfad2aaf9,08fd0ad8-b8bd-4c6d-a1bf-c381dbe24b4d,43,"{'lastUtteranceSource': 'Bot', 'reason': 'inactivity'}",66fbcdba55f202ce26f30fe9,2024-10-01 13:23:54.207,CHAT_CONVERSATION_ENDED,Bot,inactivity
f6596caa-d293-4fec-ab97-6e0a7f6f81bb,08fd0ad8-b8bd-4c6d-a1bf-c381dbe24b4d,106,"{'lastUtteranceSource': 'Bot', 'reason': 'inactivity'}",66fbf6cf55f202ce26f5147e,2024-10-01 16:19:11.456,CHAT_CONVERSATION_ENDED,Bot,inactivity
23d3e32d-eabb-472e-a29a-71af83d312b0,08fd0ad8-b8bd-4c6d-a1bf-c381dbe24b4d,22,"{'lastUtteranceSource': 'Bot', 'reason': 'inactivity'}",66fc62f555f202ce26fb464f,2024-10-02 00:00:37.586,CHAT_CONVERSATION_ENDED,Bot,inactivity
074bd355-bc2c-4d55-a339-08bcfa76b910,08fd0ad8-b8bd-4c6d-a1bf-c381dbe24b4d,31,"{'lastUtteranceSource': 'Bot', 'reason': 'inactivity'}",66fc0b2655f202ce26f68475,2024-10-01 17:45:58.664,CHAT_CONVERSATION_ENDED,Bot,inactivity
f7ad5c50-91d3-4fea-b6a3-cf429fc55bad,08fd0ad8-b8bd-4c6d-a1bf-c381dbe24b4d,49,"{'lastUtteranceSource': 'Bot', 'reason': 'inactivity'}",66fbed28ce37c378347702c1,2024-10-01 15:38:00.048,CHAT_CONVERSATION_ENDED,Bot,inactivity
4af38e5e-ea05-415c-b283-9d68b95db936,08fd0ad8-b8bd-4c6d-a1bf-c381dbe24b4d,38,"{'lastUtteranceSource': 'Bot', 'reason': 'inactivity'}",66fc322f06ea172c89cb8334,2024-10-01 20:32:31.432,CHAT_CONVERSATION_ENDED,Bot,inactivity
389ebe78-80e8-4dc7-b184-d07af6ed20d2,08fd0ad8-b8bd-4c6d-a1bf-c381dbe24b4d,263,"{'lastUtteranceSource': 'Bot', 'reason': 'inactivity'}",67055c4a4f3c05168c77fea4,2024-10-08 19:22:34.136,CHAT_CONVERSATION_ENDED,Bot,inactivity
cdc66187-74d7-4d48-a530-edfaaa8663df,08fd0ad8-b8bd-4c6d-a1bf-c381dbe24b4d,118,"{'lastUtteranceSource': 'Bot', 'reason': 'inactivity'}",670ed463f9334728e3fee402,2024-10-15 23:45:23.418,CHAT_CONVERSATION_ENDED,Bot,inactivity
f6a36527-4ad2-43f7-9832-c698e93f07cd,08fd0ad8-b8bd-4c6d-a1bf-c381dbe24b4d,111,"{'lastUtteranceSource': 'Bot', 'reason': 'inactivity'}",670eb764c6d56ea4415f86fb,2024-10-15 21:41:40.872,CHAT_CONVERSATION_ENDED,Bot,inactivity
6626dea1-2ec4-4f7f-af0c-68c0eaf8f173,08fd0ad8-b8bd-4c6d-a1bf-c381dbe24b4d,38,"{'lastUtteranceSource': 'Bot', 'reason': 'inactivity'}",670e51c38529bdd288b9977c,2024-10-15 14:28:03.095,CHAT_CONVERSATION_ENDED,Bot,inactivity
76a83661-90d4-4754-b65f-46f0ac5e2b2c,08fd0ad8-b8bd-4c6d-a1bf-c381dbe24b4d,40,"{'lastUtteranceSource': 'Bot', 'reason': 'inactivity'}",6700c31655f202ce2629e2f2,2024-10-05 07:39:50.418,CHAT_CONVERSATION_ENDED,Bot,inactivity
4b10c08f-b407-47cc-8ebb-f949b5c38ef9,08fd0ad8-b8bd-4c6d-a1bf-c381dbe24b4d,52,"{'lastUtteranceSource': 'Bot', 'reason': 'inactivity'}",67015618ce37c37834b6ca70,2024-10-05 18:07:04.854,CHAT_CONVERSATION_ENDED,Bot,inactivity
039e08db-17ae-4309-b830-97197798359e,08fd0ad8-b8bd-4c6d-a1bf-c381dbe24b4d,42,"{'lastUtteranceSource': 'Bot', 'reason': 'inactivity'}",6701ac81ce37c37834bb345b,2024-10-06 00:15:45.169,CHAT_CONVERSATION_ENDED,Bot,inactivity
8f871317-4730-4435-b97e-0f3bbb9c6233,08fd0ad8-b8bd-4c6d-a1bf-c381dbe24b4d,34,"{'lastUtteranceSource': 'Bot', 'reason': 'inactivity'}",670d67e914519701d6305f7b,2024-10-14 21:50:17.814,CHAT_CONVERSATION_ENDED,Bot,inactivity
e9c9f242-abc5-4a21-a248-13ec322afab3,08fd0ad8-b8bd-4c6d-a1bf-c381dbe24b4d,31,"{'lastUtteranceSource': 'Bot', 'reason': 'inactivity'}",670d2ffe8529bdd288adbb59,2024-10-14 17:51:42.500,CHAT_CONVERSATION_ENDED,Bot,inactivity
30bf8bdd-c9ed-48e1-858b-f76231f56d5f,08fd0ad8-b8bd-4c6d-a1bf-c381dbe24b4d,45,"{'lastUtteranceSource': 'Bot', 'reason': 'inactivity'}",670d6ca414519701d630acec,2024-10-14 22:10:28.000,CHAT_CONVERSATION_ENDED,Bot,inactivity
4677c9c7-77f6-42d1-93ec-6d0187e413f7,08fd0ad8-b8bd-4c6d-a1bf-c381dbe24b4d,130,"{'lastUtteranceSource': 'Bot', 'reason': 'inactivity'}",670d89c58529bdd288b2f4ec,2024-10-15 00:14:45.019,CHAT_CONVERSATION_ENDED,Bot,inactivity
4677c9c7-77f6-42d1-93ec-6d0187e413f7,08fd0ad8-b8bd-4c6d-a1bf-c381dbe24b4d,131,"{'lastUtteranceSource': 'Bot', 'reason': 'inactivity'}",670d89c58529bdd288b2f4ed,2024-10-15 00:14:45.019,CHAT_CONVERSATION_ENDED,Bot,inactivity
064807e4-b279-46d4-8b5f-d002f93d267d,08fd0ad8-b8bd-4c6d-a1bf-c381dbe24b4d,85,"{'lastUtteranceSource': 'Bot', 'reason': 'inactivity'}",670d965d8790e7f88c2b727a,2024-10-15 01:08:29.425,CHAT_CONVERSATION_ENDED,Bot,inactivity
695ce039-4616-4dfd-80ef-83ab4ec058b1,08fd0ad8-b8bd-4c6d-a1bf-c381dbe24b4d,93,"{'lastUtteranceSource': 'Bot', 'reason': 'inactivity'}",670d5146881e9aad8ce4234a,2024-10-14 20:13:42.351,CHAT_CONVERSATION_ENDED,Bot,inactivity
e70f6007-1cdd-4141-bf62-e46e1dec6948,08fd0ad8-b8bd-4c6d-a1bf-c381dbe24b4d,35,"{'lastUtteranceSource': 'Bot', 'reason': 'inactivity'}",67095d918529bdd2888a7003,2024-10-11 20:17:05.905,CHAT_CONVERSATION_ENDED,Bot,inactivity
1695e97a-30c3-4daa-94ff-3ad51fb36dff,08fd0ad8-b8bd-4c6d-a1bf-c381dbe24b4d,67,"{'lastUtteranceSource': 'Bot', 'reason': 'inactivity'}",670939bc8529bdd28888410a,2024-10-11 17:44:12.241,CHAT_CONVERSATION_ENDED,Bot,inactivity
6df30439-41d8-4e2b-9bbf-8235ad09860e,08fd0ad8-b8bd-4c6d-a1bf-c381dbe24b4d,129,"{'lastUtteranceSource': 'Bot', 'reason': 'inactivity'}",67094dc914519701d6098420,2024-10-11 19:09:45.179,CHAT_CONVERSATION_ENDED,Bot,inactivity
9ba01f2f-8935-494d-8e11-3818664e1d47,08fd0ad8-b8bd-4c6d-a1bf-c381dbe24b4d,64,"{'lastUtteranceSource': 'Bot', 'reason': 'inactivity'}",6709383114519701d6081dcc,2024-10-11 17:37:37.085,CHAT_CONVERSATION_ENDED,Bot,inactivity
71b9a844-8b5a-4f94-8a99-b930b0d60f76,08fd0ad8-b8bd-4c6d-a1bf-c381dbe24b4d,38,"{'lastUtteranceSource': 'Bot', 'reason': 'inactivity'}",670938818529bdd288882a64,2024-10-11 17:38:57.031,CHAT_CONVERSATION_ENDED,Bot,inactivity
a784de84-56f4-4b0a-a3af-af3c9e2126e6,08fd0ad8-b8bd-4c6d-a1bf-c381dbe24b4d,40,"{'lastUtteranceSource': 'Bot', 'reason': 'inactivity'}",670939048529bdd288883367,2024-10-11 17:41:08.804,CHAT_CONVERSATION_ENDED,Bot,inactivity
7fbd6537-7132-40c5-abe0-b4c97dd5cdfa,08fd0ad8-b8bd-4c6d-a1bf-c381dbe24b4d,164,"{'lastUtteranceSource': 'Bot', 'reason': 'inactivity'}",6708d05e14519701d6047442,2024-10-11 10:14:38.923,CHAT_CONVERSATION_ENDED,Bot,inactivity
0e844e2b-1a1a-44e0-bf7b-ff487e151f2e,08fd0ad8-b8bd-4c6d-a1bf-c381dbe24b4d,204,"{'lastUtteranceSource': 'Bot', 'reason': 'inactivity'}",66fcb0f8ce37c37834827267,2024-10-02 05:33:28.351,CHAT_CONVERSATION_ENDED,Bot,inactivity
97b3625d-666d-4dd1-9ff1-61e58f86f003,08fd0ad8-b8bd-4c6d-a1bf-c381dbe24b4d,62,"{'lastUtteranceSource': 'Bot', 'reason': 'inactivity'}",66fdbd2256f35ba81da0afc7,2024-10-03 00:37:38.307,CHAT_CONVERSATION_ENDED,Bot,inactivity
2fa789f8-a44b-4a13-9420-4fd226a5675a,08fd0ad8-b8bd-4c6d-a1bf-c381dbe24b4d,369,"{'lastUtteranceSource': 'Bot', 'reason': 'inactivity'}",66fd789156f35ba81d9d3c8e,2024-10-02 19:45:05.378,CHAT_CONVERSATION_ENDED,Bot,inactivity
ed4da5ff-b2e7-43a1-9055-3c73b11036fb,08fd0ad8-b8bd-4c6d-a1bf-c381dbe24b4d,105,"{'lastUtteranceSource': 'Bot', 'reason': 'inactivity'}",670d2652881e9aad8ce1ac1d,2024-10-14 17:10:26.456,CHAT_CONVERSATION_ENDED,Bot,inactivity
cc179af9-2301-4fd9-9afc-beaa99583b7c,08fd0ad8-b8bd-4c6d-a1bf-c381dbe24b4d,376,"{'lastUtteranceSource': 'Bot', 'reason': 'inactivity'}",670d609614519701d62fe624,2024-10-14 21:19:02.363,CHAT_CONVERSATION_ENDED,Bot,inactivity
fcdb6c5d-4b57-4c8e-ba9c-d33d6b347fe9,08fd0ad8-b8bd-4c6d-a1bf-c381dbe24b4d,25,"{'lastUtteranceSource': 'Bot', 'reason': 'inactivity'}",670894c28529bdd28882fb75,2024-10-11 06:00:18.903,CHAT_CONVERSATION_ENDED,Bot,inactivity
ce111e9a-7516-4cfb-815e-e9a7994990ea,08fd0ad8-b8bd-4c6d-a1bf-c381dbe24b4d,34,"{'lastUtteranceSource': 'Bot', 'reason': 'inactivity'}",670d039814519701d62a663c,2024-10-14 14:42:16.313,CHAT_CONVERSATION_ENDED,Bot,inactivity
2f3629ef-0b58-4e08-80f3-8416c5abb279,08fd0ad8-b8bd-4c6d-a1bf-c381dbe24b4d,41,"{'lastUtteranceSource': 'Bot', 'reason': 'inactivity'}",670d2e1014519701d62d020f,2024-10-14 17:43:28.428,CHAT_CONVERSATION_ENDED,Bot,inactivity
f85f1edc-5df4-4f13-9e50-d7cb04fdf082,08fd0ad8-b8bd-4c6d-a1bf-c381dbe24b4d,318,"{'lastUtteranceSource': 'Bot', 'reason': 'inactivity'}",670d334d14519701d62d5b28,2024-10-14 18:05:49.401,CHAT_CONVERSATION_ENDED,Bot,inactivity
aa0903b3-15ae-4584-b3f8-0d26ddaee47e,08fd0ad8-b8bd-4c6d-a1bf-c381dbe24b4d,70,"{'lastUtteranceSource': 'Bot', 'reason': 'inactivity'}",670d352c8790e7f88c264445,2024-10-14 18:13:48.562,CHAT_CONVERSATION_ENDED,Bot,inactivity
2995c00c-f9ff-4a06-a0d8-beba9973988d,08fd0ad8-b8bd-4c6d-a1bf-c381dbe24b4d,22,"{'lastUtteranceSource': 'Bot', 'reason': 'inactivity'}",670d3cc8430f2e1d63bdd37e,2024-10-14 18:46:16.241,CHAT_CONVERSATION_ENDED,Bot,inactivity
8cb862c1-b5b5-45a5-8b32-c4f9fd007b7b,08fd0ad8-b8bd-4c6d-a1bf-c381dbe24b4d,232,"{'lastUtteranceSource': 'Bot', 'reason': 'inactivity'}",670d5bd08790e7f88c286120,2024-10-14 20:58:40.887,CHAT_CONVERSATION_ENDED,Bot,inactivity
8cb862c1-b5b5-45a5-8b32-c4f9fd007b7b,08fd0ad8-b8bd-4c6d-a1bf-c381dbe24b4d,233,"{'lastUtteranceSource': 'Bot', 'reason': 'inactivity'}",670d5bd014519701d62f9713,2024-10-14 20:58:40.888,CHAT_CONVERSATION_ENDED,Bot,inactivity
87010c74-7091-493b-bdf6-ce1521e3bea7,08fd0ad8-b8bd-4c6d-a1bf-c381dbe24b4d,32,"{'lastUtteranceSource': 'Bot', 'reason': 'inactivity'}",670941fe8529bdd28888d954,2024-10-11 18:19:26.662,CHAT_CONVERSATION_ENDED,Bot,inactivity
9995bef6-4a41-4d71-8c9a-4d777792d545,08fd0ad8-b8bd-4c6d-a1bf-c381dbe24b4d,44,"{'lastUtteranceSource': 'Bot', 'reason': 'inactivity'}",66fbfd7ace37c37834781828,2024-10-01 16:47:38.063,CHAT_CONVERSATION_ENDED,Bot,inactivity
86dffa7e-6628-45ba-89b7-6782518a1177,08fd0ad8-b8bd-4c6d-a1bf-c381dbe24b4d,61,"{'lastUtteranceSource': 'Bot', 'reason': 'inactivity'}",66fc054ece37c3783478b0fe,2024-10-01 17:21:02.586,CHAT_CONVERSATION_ENDED,Bot,inactivity
86dffa7e-6628-45ba-89b7-6782518a1177,08fd0ad8-b8bd-4c6d-a1bf-c381dbe24b4d,62,"{'lastUtteranceSource': 'Bot', 'reason': 'inactivity'}",66fc054e55f202ce26f61341,2024-10-01 17:21:02.590,CHAT_CONVERSATION_ENDED,Bot,inactivity
1666d847-1a6e-4063-b306-159352386344,08fd0ad8-b8bd-4c6d-a1bf-c381dbe24b4d,226,"{'lastUtteranceSource': 'User', 'reason': 'inactivity'}",66fc5d6855f202ce26fb0a17,2024-10-01 23:36:56.896,CHAT_CONVERSATION_ENDED,User,inactivity
66f1afc1-9fa5-47f3-a784-e4f6925a8ba0,08fd0ad8-b8bd-4c6d-a1bf-c381dbe24b4d,105,"{'lastUtteranceSource': 'Bot', 'reason': 'inactivity'}",66fc3c8006ea172c89cc186d,2024-10-01 21:16:32.229,CHAT_CONVERSATION_ENDED,Bot,inactivity
b6c5ca87-844c-4362-b07e-0230ab81a158,08fd0ad8-b8bd-4c6d-a1bf-c381dbe24b4d,49,"{'lastUtteranceSource': 'Bot', 'reason': 'inactivity'}",66fc47c655f202ce26f9f1ce,2024-10-01 22:04:38.016,CHAT_CONVERSATION_ENDED,Bot,inactivity
84b5f7ad-c893-4b06-ad1c-69643dc29406,08fd0ad8-b8bd-4c6d-a1bf-c381dbe24b4d,36,"{'lastUtteranceSource': 'Bot', 'reason': 'inactivity'}",66fc3067f5f972a5bee6287a,2024-10-01 20:24:55.717,CHAT_CONVERSATION_ENDED,Bot,inactivity
e73b0e38-7f05-4460-bbb5-cecf4a03b23b,08fd0ad8-b8bd-4c6d-a1bf-c381dbe24b4d,61,"{'lastUtteranceSource': 'Bot', 'reason': 'inactivity'}",66fbe18cce37c37834763648,2024-10-01 14:48:28.961,CHAT_CONVERSATION_ENDED,Bot,inactivity
5c9d6527-51d2-4c6c-ab0b-85186887a3ef,08fd0ad8-b8bd-4c6d-a1bf-c381dbe24b4d,52,"{'lastUtteranceSource': 'Bot', 'reason': 'inactivity'}",66fb62b4ce37c378347320c5,2024-10-01 05:47:16.289,CHAT_CONVERSATION_ENDED,Bot,inactivity
fe9df5c6-9f5f-4dcd-9a07-028d7da14e7e,08fd0ad8-b8bd-4c6d-a1bf-c381dbe24b4d,64,"{'lastUtteranceSource': 'Bot', 'reason': 'inactivity'}",66fc6bbdf5f972a5bee901d4,2024-10-02 00:38:05.010,CHAT_CONVERSATION_ENDED,Bot,inactivity
a8a62a5f-9a20-434c-9d30-b0ae236905de,08fd0ad8-b8bd-4c6d-a1bf-c381dbe24b4d,88,"{'lastUtteranceSource': 'Bot', 'reason': 'inactivity'}",66fc1aed55f202ce26f778fa,2024-10-01 18:53:17.903,CHAT_CONVERSATION_ENDED,Bot,inactivity
091e50f1-5d55-4c25-909b-79aa09ff81dd,08fd0ad8-b8bd-4c6d-a1bf-c381dbe24b4d,110,"{'lastUtteranceSource': 'Bot', 'reason': 'inactivity'}",66fc0f11f5f972a5bee445cd,2024-10-01 18:02:41.831,CHAT_CONVERSATION_ENDED,Bot,inactivity
a8a4da4c-0ee0-49f3-bfd3-30c2fa7a8d7a,08fd0ad8-b8bd-4c6d-a1bf-c381dbe24b4d,33,"{'lastUtteranceSource': 'Bot', 'reason': 'inactivity'}",66fbf1ac55f202ce26f4c7e2,2024-10-01 15:57:16.810,CHAT_CONVERSATION_ENDED,Bot,inactivity
894f608d-4af5-4d33-8275-14addf8becb2,08fd0ad8-b8bd-4c6d-a1bf-c381dbe24b4d,98,"{'lastUtteranceSource': 'Bot', 'reason': 'inactivity'}",66fc5bb406ea172c89cdbb4c,2024-10-01 23:29:40.403,CHAT_CONVERSATION_ENDED,Bot,inactivity
1ef81840-cf3e-4443-847e-b74569bff20c,08fd0ad8-b8bd-4c6d-a1bf-c381dbe24b4d,32,"{'lastUtteranceSource': 'Bot', 'reason': 'inactivity'}",66fc414106ea172c89cc5c07,2024-10-01 21:36:49.478,CHAT_CONVERSATION_ENDED,Bot,inactivity
6885f2ac-974a-4ce7-be6f-972a199022cb,08fd0ad8-b8bd-4c6d-a1bf-c381dbe24b4d,38,"{'lastUtteranceSource': 'Bot', 'reason': 'inactivity'}",67042e9d681a3e4d7a279355,2024-10-07 21:55:25.807,CHAT_CONVERSATION_ENDED,Bot,inactivity
57beaa13-cb4a-4695-b788-159e14401e39,08fd0ad8-b8bd-4c6d-a1bf-c381dbe24b4d,86,"{'lastUtteranceSource': 'Bot', 'reason': 'inactivity'}",67040a4b9f408c1a48300ff2,2024-10-07 19:20:27.903,CHAT_CONVERSATION_ENDED,Bot,inactivity
d6e3fe5c-278c-42d5-9d4d-059ca01b5320,08fd0ad8-b8bd-4c6d-a1bf-c381dbe24b4d,32,"{'lastUtteranceSource': 'Bot', 'reason': 'inactivity'}",6703f625dd018676c73fbf2f,2024-10-07 17:54:29.075,CHAT_CONVERSATION_ENDED,Bot,inactivity
3d384407-d01d-4f67-85bc-148dfb32d06c,08fd0ad8-b8bd-4c6d-a1bf-c381dbe24b4d,27,"{'lastUtteranceSource': 'Bot', 'reason': 'inactivity'}",670422d100ab2c30deab0173,2024-10-07 21:05:05.705,CHAT_CONVERSATION_ENDED,Bot,inactivity
4d7db300-3580-4334-88a8-d28d515f4f4e,08fd0ad8-b8bd-4c6d-a1bf-c381dbe24b4d,72,"{'lastUtteranceSource': 'Bot', 'reason': 'inactivity'}",6703c221ce37c37834cd68d4,2024-10-07 14:12:33.195,CHAT_CONVERSATION_ENDED,Bot,inactivity
3aa46dda-2cc9-4ef6-bc78-a66710176a40,08fd0ad8-b8bd-4c6d-a1bf-c381dbe24b4d,550,"{'lastUtteranceSource': 'Bot', 'reason': 'inactivity'}",6703ff1dce37c37834d0e691,2024-10-07 18:32:45.380,CHAT_CONVERSATION_ENDED,Bot,inactivity
3aa46dda-2cc9-4ef6-bc78-a66710176a40,08fd0ad8-b8bd-4c6d-a1bf-c381dbe24b4d,551,"{'lastUtteranceSource': 'Bot', 'reason': 'inactivity'}",6703ff1ddd018676c7403d99,2024-10-07 18:32:45.382,CHAT_CONVERSATION_ENDED,Bot,inactivity
3aa46dda-2cc9-4ef6-bc78-a66710176a40,08fd0ad8-b8bd-4c6d-a1bf-c381dbe24b4d,552,"{'lastUtteranceSource': 'Bot', 'reason': 'inactivity'}",6703ff1ddd018676c7403d9a,2024-10-07 18:32:45.382,CHAT_CONVERSATION_ENDED,Bot,inactivity
6895a564-6f9f-46e2-9bec-602a24c99015,08fd0ad8-b8bd-4c6d-a1bf-c381dbe24b4d,46,"{'lastUtteranceSource': 'Bot', 'reason': 'inactivity'}",670419f3ce37c37834d2613c,2024-10-07 20:27:15.817,CHAT_CONVERSATION_ENDED,Bot,inactivity
3704505e-8fa4-4f38-b937-8215d40804f9,08fd0ad8-b8bd-4c6d-a1bf-c381dbe24b4d,37,"{'lastUtteranceSource': 'Bot', 'reason': 'inactivity'}",67043226dd018676c742fdda,2024-10-07 22:10:30.242,CHAT_CONVERSATION_ENDED,Bot,inactivity
c3c77a75-10ab-41cb-92e5-53171e2c438f,08fd0ad8-b8bd-4c6d-a1bf-c381dbe24b4d,20,"{'lastUtteranceSource': 'Bot', 'reason': 'inactivity'}",6703db74ce37c37834ceb48a,2024-10-07 16:00:36.006,CHAT_CONVERSATION_ENDED,Bot,inactivity
e52a729b-fd3e-42a4-a7d5-a36d6e1eb282,08fd0ad8-b8bd-4c6d-a1bf-c381dbe24b4d,34,"{'lastUtteranceSource': 'Bot', 'reason': 'inactivity'}",67043cdbce37c37834d453b1,2024-10-07 22:56:11.544,CHAT_CONVERSATION_ENDED,Bot,inactivity
d24daefe-63e8-411f-bd1b-cfd0581c0726,08fd0ad8-b8bd-4c6d-a1bf-c381dbe24b4d,128,"{'lastUtteranceSource': 'Bot', 'reason': 'inactivity'}",6703317cce37c37834c94572,2024-10-07 03:55:24.197,CHAT_CONVERSATION_ENDED,Bot,inactivity
e4b850d3-738e-4573-8cfd-5989f02389bd,08fd0ad8-b8bd-4c6d-a1bf-c381dbe24b4d,34,"{'lastUtteranceSource': 'Bot', 'reason': 'inactivity'}",6703ddca55f202ce26436d90,2024-10-07 16:10:34.565,CHAT_CONVERSATION_ENDED,Bot,inactivity
ee9bcd83-4852-44c7-aa51-a82d4f0e059f,08fd0ad8-b8bd-4c6d-a1bf-c381dbe24b4d,42,"{'lastUtteranceSource': 'Bot', 'reason': 'inactivity'}",6703d73b00ab2c30dea6dc71,2024-10-07 15:42:35.950,CHAT_CONVERSATION_ENDED,Bot,inactivity
563fd4a8-3f07-4c40-a2ae-6dc3a22cbfe6,08fd0ad8-b8bd-4c6d-a1bf-c381dbe24b4d,76,"{'lastUtteranceSource': 'Bot', 'reason': 'inactivity'}",6704162b00ab2c30deaa53dd,2024-10-07 20:11:07.847,CHAT_CONVERSATION_ENDED,Bot,inactivity
d92d3ee4-3686-4001-bf18-a2c853386f01,08fd0ad8-b8bd-4c6d-a1bf-c381dbe24b4d,28,"{'lastUtteranceSource': 'Bot', 'reason': 'inactivity'}",6703fa3955f202ce264523a7,2024-10-07 18:11:53.529,CHAT_CONVERSATION_ENDED,Bot,inactivity
8d496302-b224-4ab0-83c3-06e3964d2d5c,08fd0ad8-b8bd-4c6d-a1bf-c381dbe24b4d,216,"{'lastUtteranceSource': 'Bot', 'reason': 'inactivity'}",670357abce37c37834cb1e37,2024-10-07 06:38:19.504,CHAT_CONVERSATION_ENDED,Bot,inactivity
8d496302-b224-4ab0-83c3-06e3964d2d5c,08fd0ad8-b8bd-4c6d-a1bf-c381dbe24b4d,217,"{'lastUtteranceSource': 'Bot', 'reason': 'inactivity'}",670357ab55f202ce263ffa16,2024-10-07 06:38:19.504,CHAT_CONVERSATION_ENDED,Bot,inactivity
4d008b64-2db6-4708-9e8b-98179110b05c,08fd0ad8-b8bd-4c6d-a1bf-c381dbe24b4d,129,"{'lastUtteranceSource': 'Bot', 'reason': 'inactivity'}",67042ad0ce37c37834d350f0,2024-10-07 21:39:12.610,CHAT_CONVERSATION_ENDED,Bot,inactivity
70910914-607f-4cc3-aaa8-307e4e262ddd,08fd0ad8-b8bd-4c6d-a1bf-c381dbe24b4d,44,"{'lastUtteranceSource': 'Bot', 'reason': 'inactivity'}",67041fed55f202ce26472a01,2024-10-07 20:52:45.448,CHAT_CONVERSATION_ENDED,Bot,inactivity
6f73b816-87e2-411f-93e6-2277dddcf124,08fd0ad8-b8bd-4c6d-a1bf-c381dbe24b4d,57,"{'lastUtteranceSource': 'Bot', 'reason': 'inactivity'}",670437cf681a3e4d7a280eca,2024-10-07 22:34:39.628,CHAT_CONVERSATION_ENDED,Bot,inactivity
3ac3b65f-8ff8-4c2d-ab5b-59fe81ba20c8,08fd0ad8-b8bd-4c6d-a1bf-c381dbe24b4d,54,"{'lastUtteranceSource': 'Bot', 'reason': 'inactivity'}",6704354500ab2c30deabfafe,2024-10-07 22:23:49.146,CHAT_CONVERSATION_ENDED,Bot,inactivity
20d11499-7f1e-47d6-a470-719fdd90ec8c,08fd0ad8-b8bd-4c6d-a1bf-c381dbe24b4d,109,"{'lastUtteranceSource': 'Bot', 'reason': 'inactivity'}",6704567900ab2c30dead8927,2024-10-08 00:45:29.635,CHAT_CONVERSATION_ENDED,Bot,inactivity
713c8aef-4144-4982-80ef-4ade60796c7c,08fd0ad8-b8bd-4c6d-a1bf-c381dbe24b4d,38,"{'lastUtteranceSource': 'Bot', 'reason': 'inactivity'}",6703dc78ce37c37834cec29d,2024-10-07 16:04:56.701,CHAT_CONVERSATION_ENDED,Bot,inactivity
c6c8b224-36e4-4927-ba87-e6be56002298,08fd0ad8-b8bd-4c6d-a1bf-c381dbe24b4d,125,"{'lastUtteranceSource': 'Bot', 'reason': 'inactivity'}",6703f17200ab2c30dea844dd,2024-10-07 17:34:26.505,CHAT_CONVERSATION_ENDED,Bot,inactivity
c4589dd7-7c8f-4036-b502-d4f8150f7f3a,08fd0ad8-b8bd-4c6d-a1bf-c381dbe24b4d,45,"{'lastUtteranceSource': 'Bot', 'reason': 'inactivity'}",6708131786501aa6ad2042b2,2024-10-10 20:47:03.442,CHAT_CONVERSATION_ENDED,Bot,inactivity
ecdd7144-8064-4897-8330-7fc9852b920c,08fd0ad8-b8bd-4c6d-a1bf-c381dbe24b4d,72,"{'lastUtteranceSource': 'Bot', 'reason': 'inactivity'}",67085184d7b6713c29c402ff,2024-10-11 01:13:24.597,CHAT_CONVERSATION_ENDED,Bot,inactivity
beb3df60-0746-4a06-ab12-8320b804ab69,08fd0ad8-b8bd-4c6d-a1bf-c381dbe24b4d,55,"{'lastUtteranceSource': 'Bot', 'reason': 'inactivity'}",6707e0348529bdd288797506,2024-10-10 17:09:56.535,CHAT_CONVERSATION_ENDED,Bot,inactivity
34a79e5b-890f-4e6c-a92f-a1997a9d1a6f,08fd0ad8-b8bd-4c6d-a1bf-c381dbe24b4d,51,"{'lastUtteranceSource': 'Bot', 'reason': 'inactivity'}",6707d48214519701d6f90dda,2024-10-10 16:20:02.065,CHAT_CONVERSATION_ENDED,Bot,inactivity
46c2f541-5597-4daa-a6d8-7258ccfa5609,08fd0ad8-b8bd-4c6d-a1bf-c381dbe24b4d,33,"{'lastUtteranceSource': 'Bot', 'reason': 'inactivity'}",6708260086501aa6ad214582,2024-10-10 22:07:44.013,CHAT_CONVERSATION_ENDED,Bot,inactivity
85bd35d7-4fb7-4677-b90e-a436717537f3,08fd0ad8-b8bd-4c6d-a1bf-c381dbe24b4d,50,"{'lastUtteranceSource': 'Bot', 'reason': 'inactivity'}",67081803d7b6713c29c014db,2024-10-10 21:08:03.700,CHAT_CONVERSATION_ENDED,Bot,inactivity
f1a0503e-ec56-4b76-89dc-5d53d4b95092,08fd0ad8-b8bd-4c6d-a1bf-c381dbe24b4d,116,"{'lastUtteranceSource': 'Bot', 'reason': 'inactivity'}",66fe1fc555f202ce260d261c,2024-10-03 07:38:29.975,CHAT_CONVERSATION_ENDED,Bot,inactivity
20d25d12-49c1-4685-9b3b-b5a4fc2a514d,08fd0ad8-b8bd-4c6d-a1bf-c381dbe24b4d,57,"{'lastUtteranceSource': 'Bot', 'reason': 'inactivity'}",66fec270ce37c3783499fd11,2024-10-03 19:12:32.892,CHAT_CONVERSATION_ENDED,Bot,inactivity
cd1d4857-ffe0-4e10-951e-8e91db750d15,08fd0ad8-b8bd-4c6d-a1bf-c381dbe24b4d,50,"{'lastUtteranceSource': 'Bot', 'reason': 'inactivity'}",66fec53755f202ce26131264,2024-10-03 19:24:23.409,CHAT_CONVERSATION_ENDED,Bot,inactivity
eb687811-7946-4301-9f4b-6ea595616169,08fd0ad8-b8bd-4c6d-a1bf-c381dbe24b4d,341,"{'lastUtteranceSource': 'Bot', 'reason': 'inactivity'}",66fee87355f202ce261510b7,2024-10-03 21:54:43.881,CHAT_CONVERSATION_ENDED,Bot,inactivity
e83a8f3c-e8a3-4903-8e47-b037ef225911,08fd0ad8-b8bd-4c6d-a1bf-c381dbe24b4d,48,"{'lastUtteranceSource': 'Bot', 'reason': 'inactivity'}",66fea68fce37c3783498303f,2024-10-03 17:13:35.688,CHAT_CONVERSATION_ENDED,Bot,inactivity
c7d62e42-d6f6-404b-bdb7-d87daa8bc187,08fd0ad8-b8bd-4c6d-a1bf-c381dbe24b4d,56,"{'lastUtteranceSource': 'Bot', 'reason': 'inactivity'}",66fe9b5755f202ce26106dc1,2024-10-03 16:25:43.727,CHAT_CONVERSATION_ENDED,Bot,inactivity
482bacca-f588-4bc8-af5d-24f76b81288f,08fd0ad8-b8bd-4c6d-a1bf-c381dbe24b4d,26,"{'lastUtteranceSource': 'Bot', 'reason': 'inactivity'}",66fea561ce37c37834981958,2024-10-03 17:08:33.843,CHAT_CONVERSATION_ENDED,Bot,inactivity
d4639151-8f09-4d23-927d-71437e644ec0,08fd0ad8-b8bd-4c6d-a1bf-c381dbe24b4d,51,"{'lastUtteranceSource': 'Bot', 'reason': 'inactivity'}",66fe994e9aed72ff524829a7,2024-10-03 16:17:02.835,CHAT_CONVERSATION_ENDED,Bot,inactivity
da9d8ffc-4715-4fb4-8332-f0d70b7782f5,08fd0ad8-b8bd-4c6d-a1bf-c381dbe24b4d,55,"{'lastUtteranceSource': 'Bot', 'reason': 'inactivity'}",66fef48cce37c378349d058b,2024-10-03 22:46:20.551,CHAT_CONVERSATION_ENDED,Bot,inactivity
46f5d4c0-5cfd-4b62-9326-f09d62637a38,08fd0ad8-b8bd-4c6d-a1bf-c381dbe24b4d,74,"{'lastUtteranceSource': 'Bot', 'reason': 'inactivity'}",66fd17d2ce37c3783484df33,2024-10-02 12:52:18.419,CHAT_CONVERSATION_ENDED,Bot,inactivity
580aaed2-fd7a-4da2-8b36-db163589a482,08fd0ad8-b8bd-4c6d-a1bf-c381dbe24b4d,378,"{'lastUtteranceSource': 'Bot', 'reason': 'inactivity'}",66fd36ec55f202ce26019068,2024-10-02 15:05:00.225,CHAT_CONVERSATION_ENDED,Bot,inactivity
babc4c55-e3d2-435e-adf4-3b44839b4378,08fd0ad8-b8bd-4c6d-a1bf-c381dbe24b4d,183,"{'lastUtteranceSource': 'Bot', 'reason': 'inactivity'}",66fd51d64a29b75ae496dc14,2024-10-02 16:59:50.599,CHAT_CONVERSATION_ENDED,Bot,inactivity
a2b55dd1-ce63-4d09-bcb0-5d7395e8a0d0,08fd0ad8-b8bd-4c6d-a1bf-c381dbe24b4d,19,"{'lastUtteranceSource': 'Bot', 'reason': 'inactivity'}",66fc9f83ce37c378348182dc,2024-10-02 04:18:59.081,CHAT_CONVERSATION_ENDED,Bot,inactivity
50b7f669-20d1-4a81-8fd4-b16b1574447b,08fd0ad8-b8bd-4c6d-a1bf-c381dbe24b4d,142,"{'lastUtteranceSource': 'Bot', 'reason': 'inactivity'}",66fd4b8055f202ce2602bc35,2024-10-02 16:32:48.465,CHAT_CONVERSATION_ENDED,Bot,inactivity
9557f5c8-5cd2-4580-8c00-ab21fb049592,08fd0ad8-b8bd-4c6d-a1bf-c381dbe24b4d,62,"{'lastUtteranceSource': 'Bot', 'reason': 'inactivity'}",66fd44eb4a29b75ae49616fa,2024-10-02 16:04:43.911,CHAT_CONVERSATION_ENDED,Bot,inactivity
aaf20b4d-0b4d-4188-9935-d4a97534f89e,08fd0ad8-b8bd-4c6d-a1bf-c381dbe24b4d,41,"{'lastUtteranceSource': 'Bot', 'reason': 'inactivity'}",66fd54d255f202ce26035b44,2024-10-02 17:12:34.482,CHAT_CONVERSATION_ENDED,Bot,inactivity
1dab3ca2-b46d-4de8-bb68-16c6a303fac7,08fd0ad8-b8bd-4c6d-a1bf-c381dbe24b4d,133,"{'lastUtteranceSource': 'Bot', 'reason': 'inactivity'}",66fd890d56f35ba81d9e1781,2024-10-02 20:55:25.872,CHAT_CONVERSATION_ENDED,Bot,inactivity
49367bd9-1ed4-4e57-9b21-e00ca74bb349,08fd0ad8-b8bd-4c6d-a1bf-c381dbe24b4d,37,"{'lastUtteranceSource': 'Bot', 'reason': 'inactivity'}",66fd9db94a29b75ae49af1bd,2024-10-02 22:23:37.538,CHAT_CONVERSATION_ENDED,Bot,inactivity
bfe84e44-d627-4524-8ac0-6492b67fc1fc,08fd0ad8-b8bd-4c6d-a1bf-c381dbe24b4d,66,"{'lastUtteranceSource': 'Bot', 'reason': 'inactivity'}",66fd674b55f202ce26047a21,2024-10-02 18:31:23.944,CHAT_CONVERSATION_ENDED,Bot,inactivity
41729634-83f0-43aa-8c99-b1b535308be0,08fd0ad8-b8bd-4c6d-a1bf-c381dbe24b4d,26,"{'lastUtteranceSource': 'Bot', 'reason': 'inactivity'}",66fd8ac655f202ce260661bf,2024-10-02 21:02:46.722,CHAT_CONVERSATION_ENDED,Bot,inactivity
57fc2985-d27c-4cb5-a766-ae330bec5fc4,08fd0ad8-b8bd-4c6d-a1bf-c381dbe24b4d,111,"{'lastUtteranceSource': 'Bot', 'reason': 'inactivity'}",670d8ef714519701d6327c35,2024-10-15 00:36:55.450,CHAT_CONVERSATION_ENDED,Bot,inactivity
7a7d7a6e-250e-44f0-ae16-ba6e47ed0618,08fd0ad8-b8bd-4c6d-a1bf-c381dbe24b4d,190,"{'lastUtteranceSource': 'Bot', 'reason': 'inactivity'}",670d9b56881e9aad8ce85596,2024-10-15 01:29:42.517,CHAT_CONVERSATION_ENDED,Bot,inactivity
7a7d7a6e-250e-44f0-ae16-ba6e47ed0618,08fd0ad8-b8bd-4c6d-a1bf-c381dbe24b4d,191,"{'lastUtteranceSource': 'Bot', 'reason': 'inactivity'}",670d9b5614519701d63319c5,2024-10-15 01:29:42.517,CHAT_CONVERSATION_ENDED,Bot,inactivity
9852473c-0f89-41dd-9b4b-82bdb95a6f87,08fd0ad8-b8bd-4c6d-a1bf-c381dbe24b4d,69,"{'lastUtteranceSource': 'Bot', 'reason': 'inactivity'}",670d217e8529bdd288acd577,2024-10-14 16:49:50.305,CHAT_CONVERSATION_ENDED,Bot,inactivity
70a8a5ee-e5a0-4ecf-bb47-f04d5d51f1aa,08fd0ad8-b8bd-4c6d-a1bf-c381dbe24b4d,42,"{'lastUtteranceSource': 'Bot', 'reason': 'inactivity'}",670d5d9b8790e7f88c287c6d,2024-10-14 21:06:19.807,CHAT_CONVERSATION_ENDED,Bot,inactivity
ef68bb2f-8a03-4d40-92fb-bf466e863559,08fd0ad8-b8bd-4c6d-a1bf-c381dbe24b4d,70,"{'lastUtteranceSource': 'Bot', 'reason': 'inactivity'}",670d4e56881e9aad8ce3fcc9,2024-10-14 20:01:10.189,CHAT_CONVERSATION_ENDED,Bot,inactivity
6fe4d70e-dbfb-4611-b33d-6c933867292b,08fd0ad8-b8bd-4c6d-a1bf-c381dbe24b4d,659,"{'lastUtteranceSource': 'Bot', 'reason': 'inactivity'}",670d438e8529bdd288aee22f,2024-10-14 19:15:10.278,CHAT_CONVERSATION_ENDED,Bot,inactivity
6fe4d70e-dbfb-4611-b33d-6c933867292b,08fd0ad8-b8bd-4c6d-a1bf-c381dbe24b4d,660,"{'lastUtteranceSource': 'Bot', 'reason': 'inactivity'}",670d438e881e9aad8ce36df1,2024-10-14 19:15:10.279,CHAT_CONVERSATION_ENDED,Bot,inactivity
6fe4d70e-dbfb-4611-b33d-6c933867292b,08fd0ad8-b8bd-4c6d-a1bf-c381dbe24b4d,661,"{'lastUtteranceSource': 'Bot', 'reason': 'inactivity'}",670d438e881e9aad8ce36df0,2024-10-14 19:15:10.279,CHAT_CONVERSATION_ENDED,Bot,inactivity
83894b12-c844-4792-abbb-421b0b7fc14c,08fd0ad8-b8bd-4c6d-a1bf-c381dbe24b4d,61,"{'lastUtteranceSource': 'Bot', 'reason': 'inactivity'}",670eaa2bf9334728e3fc701d,2024-10-15 20:45:15.540,CHAT_CONVERSATION_ENDED,Bot,inactivity
efe33d27-29b5-4814-b950-3e02f27a8562,08fd0ad8-b8bd-4c6d-a1bf-c381dbe24b4d,24,"{'lastUtteranceSource': 'Bot', 'reason': 'inactivity'}",670ecaf314519701d63fe2b8,2024-10-15 23:05:07.948,CHAT_CONVERSATION_ENDED,Bot,inactivity
aa10e978-87db-490f-83f3-a00f3e423103,08fd0ad8-b8bd-4c6d-a1bf-c381dbe24b4d,124,"{'lastUtteranceSource': 'Bot', 'reason': 'inactivity'}",670e5a7914519701d6392aad,2024-10-15 15:05:13.191,CHAT_CONVERSATION_ENDED,Bot,inactivity
6f0615f0-6d8d-40ba-af73-729d9a5989a9,08fd0ad8-b8bd-4c6d-a1bf-c381dbe24b4d,50,"{'lastUtteranceSource': 'Bot', 'reason': 'inactivity'}",670e74978529bdd288bba91c,2024-10-15 16:56:39.597,CHAT_CONVERSATION_ENDED,Bot,inactivity
61c882d0-0cbb-4904-90d8-819f637f2a4f,08fd0ad8-b8bd-4c6d-a1bf-c381dbe24b4d,41,"{'lastUtteranceSource': 'Bot', 'reason': 'inactivity'}",670dbdea14519701d634976a,2024-10-15 03:57:14.493,CHAT_CONVERSATION_ENDED,Bot,inactivity
63c92b05-1a68-4c2d-9ae3-27aefa711692,08fd0ad8-b8bd-4c6d-a1bf-c381dbe24b4d,42,"{'lastUtteranceSource': 'Bot', 'reason': 'inactivity'}",670e727114519701d63ab5bb,2024-10-15 16:47:29.269,CHAT_CONVERSATION_ENDED,Bot,inactivity
f43576b2-1da1-42ab-87b2-79ff14c243dd,08fd0ad8-b8bd-4c6d-a1bf-c381dbe24b4d,31,"{'lastUtteranceSource': 'Bot', 'reason': 'inactivity'}",670ec0564031c12e658dfec4,2024-10-15 22:19:50.567,CHAT_CONVERSATION_ENDED,Bot,inactivity
93dbd63c-c73c-4792-b89a-43ce2a99a8b6,08fd0ad8-b8bd-4c6d-a1bf-c381dbe24b4d,56,"{'lastUtteranceSource': 'Bot', 'reason': 'inactivity'}",670e87e18529bdd288bcd837,2024-10-15 18:18:57.958,CHAT_CONVERSATION_ENDED,Bot,inactivity
c6d9d6cb-700c-46e8-b0b4-d7888918f3e5,08fd0ad8-b8bd-4c6d-a1bf-c381dbe24b4d,77,"{'lastUtteranceSource': 'Bot', 'reason': 'inactivity'}",670e98a214519701d63cef68,2024-10-15 19:30:26.638,CHAT_CONVERSATION_ENDED,Bot,inactivity
2f91aed4-a20d-4454-ac22-dc2053cfa07e,08fd0ad8-b8bd-4c6d-a1bf-c381dbe24b4d,30,"{'lastUtteranceSource': 'Bot', 'reason': 'inactivity'}",670eafe17aa4acd21eea3d48,2024-10-15 21:09:37.655,CHAT_CONVERSATION_ENDED,Bot,inactivity
ac76564b-5460-4c01-a2ed-e241a22437fd,08fd0ad8-b8bd-4c6d-a1bf-c381dbe24b4d,47,"{'lastUtteranceSource': 'Bot', 'reason': 'inactivity'}",670e8a3414519701d63c2b54,2024-10-15 18:28:52.217,CHAT_CONVERSATION_ENDED,Bot,inactivity
95bcac19-bcad-4342-b62c-5274dccabbfc,08fd0ad8-b8bd-4c6d-a1bf-c381dbe24b4d,41,"{'lastUtteranceSource': 'Bot', 'reason': 'inactivity'}",670e9d36c6d56ea4415e16ca,2024-10-15 19:49:58.763,CHAT_CONVERSATION_ENDED,Bot,inactivity
aad52929-a29e-4ac9-98c6-969f5767165c,08fd0ad8-b8bd-4c6d-a1bf-c381dbe24b4d,24,"{'lastUtteranceSource': 'Bot', 'reason': 'inactivity'}",670edc3b14519701d640dbc7,2024-10-16 00:18:51.395,CHAT_CONVERSATION_ENDED,Bot,inactivity
eeb3ca74-76bd-414b-8781-d740045ecd7a,08fd0ad8-b8bd-4c6d-a1bf-c381dbe24b4d,60,"{'lastUtteranceSource': 'Bot', 'reason': 'inactivity'}",670eaea5f9334728e3fc9ff1,2024-10-15 21:04:21.394,CHAT_CONVERSATION_ENDED,Bot,inactivity
7bb880b3-ab94-4cc3-9797-1d0c947327f7,08fd0ad8-b8bd-4c6d-a1bf-c381dbe24b4d,51,"{'lastUtteranceSource': 'Bot', 'reason': 'inactivity'}",670eb4c154d7ba2ed0d96fae,2024-10-15 21:30:25.490,CHAT_CONVERSATION_ENDED,Bot,inactivity
143f1cbf-ee8c-4cbe-acaa-1445a4d4c1cd,08fd0ad8-b8bd-4c6d-a1bf-c381dbe24b4d,57,"{'lastUtteranceSource': 'Bot', 'reason': 'inactivity'}",670ed7b8f9334728e3ff1178,2024-10-15 23:59:36.624,CHAT_CONVERSATION_ENDED,Bot,inactivity
6a41d054-5d60-46fb-bf20-156212b4ed5c,08fd0ad8-b8bd-4c6d-a1bf-c381dbe24b4d,92,"{'lastUtteranceSource': 'Bot', 'reason': 'inactivity'}",6705b31e7673c82f426b842f,2024-10-09 01:33:02.831,CHAT_CONVERSATION_ENDED,Bot,inactivity
5f31a69f-7cab-46a4-98e2-c69645f5b6f0,08fd0ad8-b8bd-4c6d-a1bf-c381dbe24b4d,92,"{'lastUtteranceSource': 'Bot', 'reason': 'inactivity'}",670596f47673c82f426a283c,2024-10-08 23:32:52.748,CHAT_CONVERSATION_ENDED,Bot,inactivity
5f31a69f-7cab-46a4-98e2-c69645f5b6f0,08fd0ad8-b8bd-4c6d-a1bf-c381dbe24b4d,93,"{'lastUtteranceSource': 'Bot', 'reason': 'inactivity'}",670596f47673c82f426a283d,2024-10-08 23:32:52.748,CHAT_CONVERSATION_ENDED,Bot,inactivity
0e3eb500-1d6b-426a-ae90-9b3e09c94564,08fd0ad8-b8bd-4c6d-a1bf-c381dbe24b4d,28,"{'lastUtteranceSource': 'Bot', 'reason': 'inactivity'}",67057c867673c82f4268a0e4,2024-10-08 21:40:06.306,CHAT_CONVERSATION_ENDED,Bot,inactivity
1f5735dc-f642-484a-919b-588e7a7fd58d,08fd0ad8-b8bd-4c6d-a1bf-c381dbe24b4d,64,"{'lastUtteranceSource': 'Bot', 'reason': 'inactivity'}",67053f704f3c05168c760dcf,2024-10-08 17:19:28.660,CHAT_CONVERSATION_ENDED,Bot,inactivity
6ab9e529-0b1b-47c8-a57e-6169f87fb8a5,08fd0ad8-b8bd-4c6d-a1bf-c381dbe24b4d,63,"{'lastUtteranceSource': 'Bot', 'reason': 'inactivity'}",670581e34f3c05168c7a3fac,2024-10-08 22:02:59.748,CHAT_CONVERSATION_ENDED,Bot,inactivity
7ef6a9ee-c4fa-4b55-98b3-dbef8f5e7ce5,08fd0ad8-b8bd-4c6d-a1bf-c381dbe24b4d,109,"{'lastUtteranceSource': 'Bot', 'reason': 'inactivity'}",670533c30f278e6ab111b34b,2024-10-08 16:29:39.467,CHAT_CONVERSATION_ENDED,Bot,inactivity
7ef6a9ee-c4fa-4b55-98b3-dbef8f5e7ce5,08fd0ad8-b8bd-4c6d-a1bf-c381dbe24b4d,110,"{'lastUtteranceSource': 'Bot', 'reason': 'inactivity'}",670533c314519701d6dbee3a,2024-10-08 16:29:39.468,CHAT_CONVERSATION_ENDED,Bot,inactivity
6bc75863-1088-43ca-a1ab-a456b0172747,08fd0ad8-b8bd-4c6d-a1bf-c381dbe24b4d,34,"{'lastUtteranceSource': 'Bot', 'reason': 'inactivity'}",67054c8c7673c82f4265b535,2024-10-08 18:15:24.406,CHAT_CONVERSATION_ENDED,Bot,inactivity
73a6a09b-0727-4a01-882c-811abb5500d5,08fd0ad8-b8bd-4c6d-a1bf-c381dbe24b4d,24,"{'lastUtteranceSource': 'Bot', 'reason': 'inactivity'}",6705921414519701d6e1c674,2024-10-08 23:12:04.152,CHAT_CONVERSATION_ENDED,Bot,inactivity
b98faa59-4b21-4090-960b-aeffa474da39,08fd0ad8-b8bd-4c6d-a1bf-c381dbe24b4d,51,"{'lastUtteranceSource': 'Bot', 'reason': 'inactivity'}",670549860f278e6ab113412c,2024-10-08 18:02:30.657,CHAT_CONVERSATION_ENDED,Bot,inactivity
b98faa59-4b21-4090-960b-aeffa474da39,08fd0ad8-b8bd-4c6d-a1bf-c381dbe24b4d,52,"{'lastUtteranceSource': 'Bot', 'reason': 'inactivity'}",670549860f278e6ab113412d,2024-10-08 18:02:30.657,CHAT_CONVERSATION_ENDED,Bot,inactivity
b98faa59-4b21-4090-960b-aeffa474da39,08fd0ad8-b8bd-4c6d-a1bf-c381dbe24b4d,53,"{'lastUtteranceSource': 'Bot', 'reason': 'inactivity'}",6705498614519701d6dd74a1,2024-10-08 18:02:30.658,CHAT_CONVERSATION_ENDED,Bot,inactivity
5ad1343b-1a70-4815-bb4e-c8b7a3a953ed,08fd0ad8-b8bd-4c6d-a1bf-c381dbe24b4d,134,"{'lastUtteranceSource': 'Bot', 'reason': 'inactivity'}",6705b7550f278e6ab11975f9,2024-10-09 01:51:01.898,CHAT_CONVERSATION_ENDED,Bot,inactivity
7cfada6e-68d2-4822-9d58-5ae6893825ef,08fd0ad8-b8bd-4c6d-a1bf-c381dbe24b4d,24,"{'lastUtteranceSource': 'Bot', 'reason': 'inactivity'}",67058eb94f3c05168c7b0361,2024-10-08 22:57:45.821,CHAT_CONVERSATION_ENDED,Bot,inactivity
4302899c-2238-4d1f-af9e-ea85e072fcfe,08fd0ad8-b8bd-4c6d-a1bf-c381dbe24b4d,23,"{'lastUtteranceSource': 'Bot', 'reason': 'inactivity'}",670594ff0f278e6ab117caef,2024-10-08 23:24:31.539,CHAT_CONVERSATION_ENDED,Bot,inactivity
17f8e7e0-78c5-4499-a5bb-98f77b650758,08fd0ad8-b8bd-4c6d-a1bf-c381dbe24b4d,56,"{'lastUtteranceSource': 'Bot', 'reason': 'inactivity'}",670543114f3c05168c7655da,2024-10-08 17:34:57.828,CHAT_CONVERSATION_ENDED,Bot,inactivity
0f835251-3e29-4153-b028-101c123239cd,08fd0ad8-b8bd-4c6d-a1bf-c381dbe24b4d,50,"{'lastUtteranceSource': 'Bot', 'reason': 'inactivity'}",67059b207673c82f426a5fd9,2024-10-08 23:50:40.043,CHAT_CONVERSATION_ENDED,Bot,inactivity
0f835251-3e29-4153-b028-101c123239cd,08fd0ad8-b8bd-4c6d-a1bf-c381dbe24b4d,51,"{'lastUtteranceSource': 'Bot', 'reason': 'inactivity'}",67059b207673c82f426a5fda,2024-10-08 23:50:40.043,CHAT_CONVERSATION_ENDED,Bot,inactivity
a44cd80a-2d26-426e-bb98-d3679d0e0d4c,08fd0ad8-b8bd-4c6d-a1bf-c381dbe24b4d,181,"{'lastUtteranceSource': 'Bot', 'reason': 'inactivity'}",670583950f278e6ab116c48f,2024-10-08 22:10:13.123,CHAT_CONVERSATION_ENDED,Bot,inactivity
52a54731-b7bc-4d06-b118-f14741776c9e,08fd0ad8-b8bd-4c6d-a1bf-c381dbe24b4d,63,"{'lastUtteranceSource': 'Bot', 'reason': 'inactivity'}",67054f0814519701d6ddce3b,2024-10-08 18:26:00.424,CHAT_CONVERSATION_ENDED,Bot,inactivity
2546cfb8-1b45-4ebb-9906-980215c944a2,08fd0ad8-b8bd-4c6d-a1bf-c381dbe24b4d,36,"{'lastUtteranceSource': 'Bot', 'reason': 'inactivity'}",670551957673c82f42660643,2024-10-08 18:36:53.623,CHAT_CONVERSATION_ENDED,Bot,inactivity
89026da1-90d9-41ab-8cef-c5b164056c64,08fd0ad8-b8bd-4c6d-a1bf-c381dbe24b4d,167,"{'lastUtteranceSource': 'Bot', 'reason': 'inactivity'}",6704af7dce37c37834da189d,2024-10-08 07:05:17.282,CHAT_CONVERSATION_ENDED,Bot,inactivity
89026da1-90d9-41ab-8cef-c5b164056c64,08fd0ad8-b8bd-4c6d-a1bf-c381dbe24b4d,168,"{'lastUtteranceSource': 'Bot', 'reason': 'inactivity'}",6704af7d55f202ce264e6c6e,2024-10-08 07:05:17.282,CHAT_CONVERSATION_ENDED,Bot,inactivity
03e1ef42-12ff-4d54-921a-3dee632c817d,08fd0ad8-b8bd-4c6d-a1bf-c381dbe24b4d,30,"{'lastUtteranceSource': 'Bot', 'reason': 'inactivity'}",670576b24f3c05168c799884,2024-10-08 21:15:14.557,CHAT_CONVERSATION_ENDED,Bot,inactivity
1ceaf1a7-4086-4bdf-9aff-12ff72d1331d,08fd0ad8-b8bd-4c6d-a1bf-c381dbe24b4d,77,"{'lastUtteranceSource': 'Bot', 'reason': 'inactivity'}",6705803e7673c82f4268d863,2024-10-08 21:55:58.192,CHAT_CONVERSATION_ENDED,Bot,inactivity
8631e3c0-18c6-4689-8054-82a23e9efe29,08fd0ad8-b8bd-4c6d-a1bf-c381dbe24b4d,147,"{'lastUtteranceSource': 'Bot', 'reason': 'inactivity'}",6705bd5a0f278e6ab119b927,2024-10-09 02:16:42.309,CHAT_CONVERSATION_ENDED,Bot,inactivity
0134d48c-ec02-494e-8567-8f8608d9cbab,08fd0ad8-b8bd-4c6d-a1bf-c381dbe24b4d,52,"{'lastUtteranceSource': 'Bot', 'reason': 'inactivity'}",670500570f278e6ab10f9462,2024-10-08 12:50:15.793,CHAT_CONVERSATION_ENDED,Bot,inactivity
813584d9-26a9-4453-bcfd-8b2ee8d5af36,08fd0ad8-b8bd-4c6d-a1bf-c381dbe24b4d,27,"{'lastUtteranceSource': 'Bot', 'reason': 'inactivity'}",6705870a7673c82f42693dcb,2024-10-08 22:24:58.359,CHAT_CONVERSATION_ENDED,Bot,inactivity
d746657d-b972-42a6-a5c6-22678e6d9ad8,08fd0ad8-b8bd-4c6d-a1bf-c381dbe24b4d,83,"{'lastUtteranceSource': 'Bot', 'reason': 'inactivity'}",6703d947dd018676c73e1ad9,2024-10-07 15:51:19.386,CHAT_CONVERSATION_ENDED,Bot,inactivity
8a5ad46d-8df4-49e2-aaf1-cfdf5acb53f2,08fd0ad8-b8bd-4c6d-a1bf-c381dbe24b4d,20,"{'lastUtteranceSource': 'Bot', 'reason': 'inactivity'}",670173e355f202ce262eeb60,2024-10-05 20:14:11.594,CHAT_CONVERSATION_ENDED,Bot,inactivity
16a765fe-c2e0-477f-a9c1-a4cd829c8bbb,08fd0ad8-b8bd-4c6d-a1bf-c381dbe24b4d,24,"{'lastUtteranceSource': 'Bot', 'reason': 'inactivity'}",6706c11d7673c82f427703c0,2024-10-09 20:45:01.268,CHAT_CONVERSATION_ENDED,Bot,inactivity
10fbf6ee-c41b-4884-91c0-da0570e433f4,08fd0ad8-b8bd-4c6d-a1bf-c381dbe24b4d,47,"{'lastUtteranceSource': 'Bot', 'reason': 'inactivity'}",67068be214519701d6eb8172,2024-10-09 16:57:54.101,CHAT_CONVERSATION_ENDED,Bot,inactivity
640193a3-5ec8-478c-9a6d-bd67f263e1a7,08fd0ad8-b8bd-4c6d-a1bf-c381dbe24b4d,46,"{'lastUtteranceSource': 'Bot', 'reason': 'inactivity'}",670687a87673c82f4273649b,2024-10-09 16:39:52.599,CHAT_CONVERSATION_ENDED,Bot,inactivity
75c23c44-d82f-49c6-b6e3-048c27538b89,08fd0ad8-b8bd-4c6d-a1bf-c381dbe24b4d,91,"{'lastUtteranceSource': 'Bot', 'reason': 'inactivity'}",67068fb79a99212463cd3e4d,2024-10-09 17:14:15.735,CHAT_CONVERSATION_ENDED,Bot,inactivity
b99ab3be-6eaa-478f-bfac-0c31c85a7979,08fd0ad8-b8bd-4c6d-a1bf-c381dbe24b4d,43,"{'lastUtteranceSource': 'Bot', 'reason': 'inactivity'}",6706f28b9a99212463d359ba,2024-10-10 00:15:55.147,CHAT_CONVERSATION_ENDED,Bot,inactivity
9067201e-f8d9-4dc7-af6b-560751ee9ceb,08fd0ad8-b8bd-4c6d-a1bf-c381dbe24b4d,69,"{'lastUtteranceSource': 'Bot', 'reason': 'inactivity'}",6706cbc67673c82f4277a9e1,2024-10-09 21:30:30.784,CHAT_CONVERSATION_ENDED,Bot,inactivity
9067201e-f8d9-4dc7-af6b-560751ee9ceb,08fd0ad8-b8bd-4c6d-a1bf-c381dbe24b4d,70,"{'lastUtteranceSource': 'Bot', 'reason': 'inactivity'}",6706cbc614519701d6ef81f0,2024-10-09 21:30:30.784,CHAT_CONVERSATION_ENDED,Bot,inactivity
0ee05d83-be09-4c88-88e4-44ba244da56c,08fd0ad8-b8bd-4c6d-a1bf-c381dbe24b4d,56,"{'lastUtteranceSource': 'Bot', 'reason': 'inactivity'}",6706a413f480fd5383a9fffb,2024-10-09 18:41:07.068,CHAT_CONVERSATION_ENDED,Bot,inactivity
d67da914-0a79-4c0d-8947-7b8fde114c39,08fd0ad8-b8bd-4c6d-a1bf-c381dbe24b4d,44,"{'lastUtteranceSource': 'Bot', 'reason': 'inactivity'}",6706ddf99a99212463d24887,2024-10-09 22:48:09.979,CHAT_CONVERSATION_ENDED,Bot,inactivity
233e8653-d99d-4618-8400-40ad1e4c9985,08fd0ad8-b8bd-4c6d-a1bf-c381dbe24b4d,50,"{'lastUtteranceSource': 'Bot', 'reason': 'inactivity'}",6705d3dc0f278e6ab11aa74b,2024-10-09 03:52:44.447,CHAT_CONVERSATION_ENDED,Bot,inactivity
ba8ec7fa-4bfd-4dc6-952b-eb4d8f5fe0b4,08fd0ad8-b8bd-4c6d-a1bf-c381dbe24b4d,39,"{'lastUtteranceSource': 'Bot', 'reason': 'inactivity'}",6706a5497673c82f42756218,2024-10-09 18:46:17.178,CHAT_CONVERSATION_ENDED,Bot,inactivity
bb1e7e39-8f77-4d24-9c32-65e74fbbf2d3,08fd0ad8-b8bd-4c6d-a1bf-c381dbe24b4d,45,"{'lastUtteranceSource': 'Bot', 'reason': 'inactivity'}",6706308814519701d6e85387,2024-10-09 10:28:08.896,CHAT_CONVERSATION_ENDED,Bot,inactivity
40271228-8545-4701-9b59-7de3bd834135,08fd0ad8-b8bd-4c6d-a1bf-c381dbe24b4d,56,"{'lastUtteranceSource': 'Bot', 'reason': 'inactivity'}",6706e5237673c82f42790e0a,2024-10-09 23:18:43.298,CHAT_CONVERSATION_ENDED,Bot,inactivity
ec4c8459-ca81-40a5-861e-3521f767a531,08fd0ad8-b8bd-4c6d-a1bf-c381dbe24b4d,77,"{'lastUtteranceSource': 'Bot', 'reason': 'inactivity'}",670966c48b7dd681e934acc8,2024-10-11 20:56:20.335,CHAT_CONVERSATION_ENDED,Bot,inactivity
b7db73af-9749-4ae8-8145-f20d30ec7398,08fd0ad8-b8bd-4c6d-a1bf-c381dbe24b4d,104,"{'lastUtteranceSource': 'Bot', 'reason': 'inactivity'}",67093cc88529bdd28888793b,2024-10-11 17:57:12.615,CHAT_CONVERSATION_ENDED,Bot,inactivity
339bc342-cc30-4748-b3b5-c1172f3a2c86,08fd0ad8-b8bd-4c6d-a1bf-c381dbe24b4d,66,"{'lastUtteranceSource': 'Bot', 'reason': 'inactivity'}",670929a726d0feb902ccef19,2024-10-11 16:35:35.448,CHAT_CONVERSATION_ENDED,Bot,inactivity
6da9f858-404d-42fd-885b-a58e58dce77b,08fd0ad8-b8bd-4c6d-a1bf-c381dbe24b4d,33,"{'lastUtteranceSource': 'Bot', 'reason': 'inactivity'}",670813a1d7b6713c29bfc177,2024-10-10 20:49:21.642,CHAT_CONVERSATION_ENDED,Bot,inactivity
f87134d6-404f-4702-92ef-6ebe0db9efe4,08fd0ad8-b8bd-4c6d-a1bf-c381dbe24b4d,24,"{'lastUtteranceSource': 'Bot', 'reason': 'inactivity'}",670ebce9c6d56ea4415fe14e,2024-10-15 22:05:13.652,CHAT_CONVERSATION_ENDED,Bot,inactivity
9689ee46-5bc0-4ce6-843c-c0189c963bc3,08fd0ad8-b8bd-4c6d-a1bf-c381dbe24b4d,38,"{'lastUtteranceSource': 'Bot', 'reason': 'inactivity'}",670e98d8d0e5bccd6ce45b3f,2024-10-15 19:31:20.893,CHAT_CONVERSATION_ENDED,Bot,inactivity
f7c78787-00c2-455a-a7a7-edbea599f724,08fd0ad8-b8bd-4c6d-a1bf-c381dbe24b4d,49,"{'lastUtteranceSource': 'Bot', 'reason': 'inactivity'}",670eaed97aa4acd21eea325b,2024-10-15 21:05:13.894,CHAT_CONVERSATION_ENDED,Bot,inactivity
f7c78787-00c2-455a-a7a7-edbea599f724,08fd0ad8-b8bd-4c6d-a1bf-c381dbe24b4d,50,"{'lastUtteranceSource': 'Bot', 'reason': 'inactivity'}",670eaed914519701d63e34ba,2024-10-15 21:05:13.895,CHAT_CONVERSATION_ENDED,Bot,inactivity
45239735-7b7c-47a4-9316-4e26b9d12cb8,08fd0ad8-b8bd-4c6d-a1bf-c381dbe24b4d,158,"{'lastUtteranceSource': 'Bot', 'reason': 'inactivity'}",67003c77da6a1c148323ef5e,2024-10-04 22:05:27.828,CHAT_CONVERSATION_ENDED,Bot,inactivity
3cb95c1c-e223-428d-afd5-4a266c52e9cb,08fd0ad8-b8bd-4c6d-a1bf-c381dbe24b4d,109,"{'lastUtteranceSource': 'Bot', 'reason': 'inactivity'}",670009b6ce37c37834a95ff6,2024-10-04 18:28:54.433,CHAT_CONVERSATION_ENDED,Bot,inactivity
331e5575-1e53-4bfa-b0e7-9042e275bc8d,08fd0ad8-b8bd-4c6d-a1bf-c381dbe24b4d,66,"{'lastUtteranceSource': 'Bot', 'reason': 'inactivity'}",66fff661da6a1c14831fe118,2024-10-04 17:06:25.688,CHAT_CONVERSATION_ENDED,Bot,inactivity
83f2689a-9669-4add-958d-201652141b4e,08fd0ad8-b8bd-4c6d-a1bf-c381dbe24b4d,46,"{'lastUtteranceSource': 'Bot', 'reason': 'inactivity'}",67000398ce37c37834a8e4b6,2024-10-04 18:02:48.995,CHAT_CONVERSATION_ENDED,Bot,inactivity
9a44d693-a2ec-4b0f-a1af-8d76569c99ec,08fd0ad8-b8bd-4c6d-a1bf-c381dbe24b4d,33,"{'lastUtteranceSource': 'Bot', 'reason': 'inactivity'}",66ff387b55f202ce26194b54,2024-10-04 03:36:11.688,CHAT_CONVERSATION_ENDED,Bot,inactivity
f60c9f9c-7f67-4cb7-ab90-f48c97279704,08fd0ad8-b8bd-4c6d-a1bf-c381dbe24b4d,126,"{'lastUtteranceSource': 'Bot', 'reason': 'inactivity'}",66fffd6055f202ce262032a6,2024-10-04 17:36:16.016,CHAT_CONVERSATION_ENDED,Bot,inactivity
23b6e26f-c93c-408b-8977-bc6cba8d5805,08fd0ad8-b8bd-4c6d-a1bf-c381dbe24b4d,271,"{'lastUtteranceSource': 'Bot', 'reason': 'inactivity'}",670000c655f202ce26206ba7,2024-10-04 17:50:46.652,CHAT_CONVERSATION_ENDED,Bot,inactivity
2ba8fa49-addd-42c7-827e-4a7840a43482,08fd0ad8-b8bd-4c6d-a1bf-c381dbe24b4d,43,"{'lastUtteranceSource': 'Bot', 'reason': 'inactivity'}",67001d74fd4c301deb1bc7d6,2024-10-04 19:53:08.804,CHAT_CONVERSATION_ENDED,Bot,inactivity
de699a07-be4a-488a-90fd-7a86e7b313fc,08fd0ad8-b8bd-4c6d-a1bf-c381dbe24b4d,38,"{'lastUtteranceSource': 'Bot', 'reason': 'inactivity'}",6700053cda6a1c148320e741,2024-10-04 18:09:48.897,CHAT_CONVERSATION_ENDED,Bot,inactivity
19181d90-ce97-42ed-af43-72ee200845b2,08fd0ad8-b8bd-4c6d-a1bf-c381dbe24b4d,93,"{'lastUtteranceSource': 'Bot', 'reason': 'inactivity'}",66ffdf9a55f202ce261e58b1,2024-10-04 15:29:14.390,CHAT_CONVERSATION_ENDED,Bot,inactivity
c9a36881-5786-4acb-aa2b-ba70a85fedeb,08fd0ad8-b8bd-4c6d-a1bf-c381dbe24b4d,108,"{'lastUtteranceSource': 'Bot', 'reason': 'inactivity'}",66ff641ece37c37834a322d9,2024-10-04 06:42:22.354,CHAT_CONVERSATION_ENDED,Bot,inactivity
c9a36881-5786-4acb-aa2b-ba70a85fedeb,08fd0ad8-b8bd-4c6d-a1bf-c381dbe24b4d,109,"{'lastUtteranceSource': 'Bot', 'reason': 'inactivity'}",66ff641ece37c37834a322da,2024-10-04 06:42:22.354,CHAT_CONVERSATION_ENDED,Bot,inactivity
