CONVERSATION_ID,ASSISTANT_ID,EVENT_POSITION,eventData,eventId,timestamp,typeOfEvent,action,displayText
5a22a000-374f-441b-a862-7869012050e7,08fd0ad8-b8bd-4c6d-a1bf-c381dbe24b4d,64,"{'action': '(585) 768-2620', 'displayText': 'Call'}",6701207c55f202ce262b56c2,2024-10-05 14:18:20.880,CTA_CLICK,(585) 768-2620,Call
e3983175-2001-4274-8f7d-5786029e4c7c,08fd0ad8-b8bd-4c6d-a1bf-c381dbe24b4d,41,"{'action': 'https://www.urmc.rochester.edu/people/23579347-lindsay-ann-marchetti?utm_source=hyro_web', 'displayText': 'Visit page'}",6700871fce37c37834b0342b,2024-10-05 03:23:59.173,CTA_CLICK,https://www.urmc.rochester.edu/people/23579347-lindsay-ann-marchetti?utm_source=hyro_web,Visit page
e3983175-2001-4274-8f7d-5786029e4c7c,08fd0ad8-b8bd-4c6d-a1bf-c381dbe24b4d,71,"{'action': 'https://www.urmc.rochester.edu/people/23579347-lindsay-ann-marchetti?utm_source=hyro_web', 'displayText': 'Visit page'}",6700881055f202ce26279da1,2024-10-05 03:28:00.725,CTA_CLICK,https://www.urmc.rochester.edu/people/23579347-lindsay-ann-marchetti?utm_source=hyro_web,Visit page
e7a2695b-370a-44f2-b1d9-be3c7347dfd6,08fd0ad8-b8bd-4c6d-a1bf-c381dbe24b4d,63,"{'action': 'https://www.urmc.rochester.edu/people/31636636-sandy-wang?utm_source=hyro_web', 'displayText': 'Visit page'}",670acae08529bdd2889893a4,2024-10-12 22:15:44.393,CTA_CLICK,https://www.urmc.rochester.edu/people/31636636-sandy-wang?utm_source=hyro_web,Visit page
0c00fc46-a0de-4e48-9a2a-5177b1f8e35d,08fd0ad8-b8bd-4c6d-a1bf-c381dbe24b4d,35,"{'action': 'https://www.urmc.rochester.edu/people/27312018-anita-ray?utm_source=hyro_web', 'displayText': 'Visit page'}",670a7d9b8529bdd28894da09,2024-10-12 16:46:03.099,CTA_CLICK,https://www.urmc.rochester.edu/people/27312018-anita-ray?utm_source=hyro_web,Visit page
7e44e31a-97b6-4cb6-9e98-8a820999c7a7,08fd0ad8-b8bd-4c6d-a1bf-c381dbe24b4d,29,"{'action': '(585) 275-5321', 'displayText': 'Call'}",670aa97a14519701d616b9b9,2024-10-12 19:53:14.031,CTA_CLICK,(585) 275-5321,Call
a301ae56-8ed3-4a52-8476-e78bc6314526,08fd0ad8-b8bd-4c6d-a1bf-c381dbe24b4d,56,"{'action': 'https://www.urmc.rochester.edu/people/32668070-dina-amin?utm_source=hyro_web', 'displayText': 'Visit page'}",670ab2898529bdd2889779b4,2024-10-12 20:31:53.316,CTA_CLICK,https://www.urmc.rochester.edu/people/32668070-dina-amin?utm_source=hyro_web,Visit page
67dcbb73-83f4-46af-898f-414493e39771,08fd0ad8-b8bd-4c6d-a1bf-c381dbe24b4d,32,"{'action': '(585) 279-4800', 'displayText': 'Call'}",670ec2c5c6d56ea441603eb9,2024-10-15 22:30:13.276,CTA_CLICK,(585) 279-4800,Call
fc824e5c-75f6-4c68-8790-c33c5e2e15c3,08fd0ad8-b8bd-4c6d-a1bf-c381dbe24b4d,130,"{'action': '(585) 276-3000', 'displayText': 'Call'}",670bce298529bdd2889fb217,2024-10-13 16:42:01.116,CTA_CLICK,(585) 276-3000,Call
a31c9d62-d413-4653-a8c9-4983fb4e4623,08fd0ad8-b8bd-4c6d-a1bf-c381dbe24b4d,31,"{'action': 'https://www.urmc.rochester.edu/people/20805456-daniel-l-zerbe?utm_source=hyro_web', 'displayText': 'Visit page'}",67070008f480fd5383af51ca,2024-10-10 01:13:28.893,CTA_CLICK,https://www.urmc.rochester.edu/people/20805456-daniel-l-zerbe?utm_source=hyro_web,Visit page
a31c9d62-d413-4653-a8c9-4983fb4e4623,08fd0ad8-b8bd-4c6d-a1bf-c381dbe24b4d,63,"{'action': '(315) 589-4641', 'displayText': 'Call'}",67070038f480fd5383af5409,2024-10-10 01:14:16.477,CTA_CLICK,(315) 589-4641,Call
a31c9d62-d413-4653-a8c9-4983fb4e4623,08fd0ad8-b8bd-4c6d-a1bf-c381dbe24b4d,66,"{'action': 'https://www.urmc.rochester.edu/people/31722384-karen-m-baker?utm_source=hyro_web', 'displayText': 'Visit page'}",6707004ff480fd5383af554b,2024-10-10 01:14:39.711,CTA_CLICK,https://www.urmc.rochester.edu/people/31722384-karen-m-baker?utm_source=hyro_web,Visit page
d7a8dbee-717f-4822-b5ed-a4cfecbf47ac,08fd0ad8-b8bd-4c6d-a1bf-c381dbe24b4d,44,"{'action': '(585) 275-2838', 'displayText': 'Call'}",670684957673c82f42733345,2024-10-09 16:26:45.941,CTA_CLICK,(585) 275-2838,Call
70d3afc0-0b17-4982-aab5-fca8e7e0d765,08fd0ad8-b8bd-4c6d-a1bf-c381dbe24b4d,84,"{'action': 'https://www.urmc.rochester.edu/people/31636636-sandy-wang?utm_source=hyro_web', 'displayText': 'Visit page'}",6706b39b7673c82f42763769,2024-10-09 19:47:23.332,CTA_CLICK,https://www.urmc.rochester.edu/people/31636636-sandy-wang?utm_source=hyro_web,Visit page
85f98d08-5e0e-4e62-8617-d210db4e838a,08fd0ad8-b8bd-4c6d-a1bf-c381dbe24b4d,79,"{'action': 'https://www.urmc.rochester.edu/people/31237789-mariah-p-burkhard?utm_source=hyro_web', 'displayText': 'Visit page'}",6705f39114519701d6e693fe,2024-10-09 06:08:01.641,CTA_CLICK,https://www.urmc.rochester.edu/people/31237789-mariah-p-burkhard?utm_source=hyro_web,Visit page
fee939f6-640f-4f2b-a37e-70adf06de7af,08fd0ad8-b8bd-4c6d-a1bf-c381dbe24b4d,42,"{'action': 'https://www.urmc.rochester.edu/people/32668070-dina-amin?utm_source=hyro_web', 'displayText': 'Visit page'}",6706061c7673c82f426f7c12,2024-10-09 07:27:08.711,CTA_CLICK,https://www.urmc.rochester.edu/people/32668070-dina-amin?utm_source=hyro_web,Visit page
9d91ed9a-d8ed-4af4-b64a-440933200610,08fd0ad8-b8bd-4c6d-a1bf-c381dbe24b4d,53,"{'action': 'https://www.urmc.rochester.edu/people/31514781-jennifer-l-wetherby?utm_source=hyro_web', 'displayText': 'Visit page'}",670044a655f202ce26243272,2024-10-04 22:40:22.299,CTA_CLICK,https://www.urmc.rochester.edu/people/31514781-jennifer-l-wetherby?utm_source=hyro_web,Visit page
40f97dd6-340d-4521-9148-ce977c2f719a,08fd0ad8-b8bd-4c6d-a1bf-c381dbe24b4d,34,"{'action': '(585) 758-5700', 'displayText': 'Call'}",67002b5dfd4c301deb1c8196,2024-10-04 20:52:29.530,CTA_CLICK,(585) 758-5700,Call
686b9bd5-9416-45ce-a204-97fefd17cec6,08fd0ad8-b8bd-4c6d-a1bf-c381dbe24b4d,58,"{'action': '(585) 273-3833', 'displayText': 'Call'}",67001b05fd4c301deb1ba7de,2024-10-04 19:42:45.836,CTA_CLICK,(585) 273-3833,Call
101a83b9-6b71-4f74-bc73-38f574892fff,08fd0ad8-b8bd-4c6d-a1bf-c381dbe24b4d,29,"{'action': 'https://www.urmc.rochester.edu/people/31636636-sandy-wang?utm_source=hyro_web', 'displayText': 'Visit page'}",670076c9ce37c37834af2d9c,2024-10-05 02:14:17.961,CTA_CLICK,https://www.urmc.rochester.edu/people/31636636-sandy-wang?utm_source=hyro_web,Visit page
0f8ccfcf-c57d-4f1a-8255-06b6be614d83,08fd0ad8-b8bd-4c6d-a1bf-c381dbe24b4d,42,"{'action': '(585) 276-3000', 'displayText': 'Call'}",67002864da6a1c148322e86a,2024-10-04 20:39:48.716,CTA_CLICK,(585) 276-3000,Call
725cee27-68db-48a5-8033-da57760453e2,08fd0ad8-b8bd-4c6d-a1bf-c381dbe24b4d,44,"{'action': '(585) 276-3000', 'displayText': 'Call'}",67003633fd4c301deb1d1150,2024-10-04 21:38:43.363,CTA_CLICK,(585) 276-3000,Call
725cee27-68db-48a5-8033-da57760453e2,08fd0ad8-b8bd-4c6d-a1bf-c381dbe24b4d,61,"{'action': 'https://www.urmc.rochester.edu/people/21787089-cathleen-a-cleveland?utm_source=hyro_web', 'displayText': 'Visit page'}",67003678fd4c301deb1d14fc,2024-10-04 21:39:52.600,CTA_CLICK,https://www.urmc.rochester.edu/people/21787089-cathleen-a-cleveland?utm_source=hyro_web,Visit page
9e1f3ebb-6f88-4644-9a68-1acb79b5511d,08fd0ad8-b8bd-4c6d-a1bf-c381dbe24b4d,32,"{'action': '(585) 341-7177', 'displayText': 'Call'}",66fd5aacce37c37834888873,2024-10-02 17:37:32.506,CTA_CLICK,(585) 341-7177,Call
3ee66306-ca7f-4d7d-8620-5742a5bc4974,08fd0ad8-b8bd-4c6d-a1bf-c381dbe24b4d,68,"{'action': 'https://www.urmc.rochester.edu/people/31146388-hannah-s-navarro?utm_source=hyro_web', 'displayText': 'Visit page'}",66fd4a45ce37c3783487387c,2024-10-02 16:27:33.587,CTA_CLICK,https://www.urmc.rochester.edu/people/31146388-hannah-s-navarro?utm_source=hyro_web,Visit page
3ee66306-ca7f-4d7d-8620-5742a5bc4974,08fd0ad8-b8bd-4c6d-a1bf-c381dbe24b4d,84,"{'action': 'https://www.urmc.rochester.edu/people/31237789-mariah-p-burkhard?utm_source=hyro_web', 'displayText': 'Visit page'}",66fd4a53ce37c37834873981,2024-10-02 16:27:47.358,CTA_CLICK,https://www.urmc.rochester.edu/people/31237789-mariah-p-burkhard?utm_source=hyro_web,Visit page
bc1f5f52-602d-43f7-bedf-c5b055b747e0,08fd0ad8-b8bd-4c6d-a1bf-c381dbe24b4d,55,"{'action': 'https://www.urmc.rochester.edu/people/31722384-karen-m-baker?utm_source=hyro_web', 'displayText': 'Visit page'}",6700094c55f202ce2621105f,2024-10-04 18:27:08.883,CTA_CLICK,https://www.urmc.rochester.edu/people/31722384-karen-m-baker?utm_source=hyro_web,Visit page
bc1f5f52-602d-43f7-bedf-c5b055b747e0,08fd0ad8-b8bd-4c6d-a1bf-c381dbe24b4d,58,"{'action': 'https://www.urmc.rochester.edu/people/31722384-karen-m-baker?utm_source=hyro_web', 'displayText': 'Visit page'}",6700095355f202ce262110c2,2024-10-04 18:27:15.957,CTA_CLICK,https://www.urmc.rochester.edu/people/31722384-karen-m-baker?utm_source=hyro_web,Visit page
bc1f5f52-602d-43f7-bedf-c5b055b747e0,08fd0ad8-b8bd-4c6d-a1bf-c381dbe24b4d,61,"{'action': 'https://www.urmc.rochester.edu/people/31722384-karen-m-baker?utm_source=hyro_web', 'displayText': 'Visit page'}",6700095555f202ce262110db,2024-10-04 18:27:17.655,CTA_CLICK,https://www.urmc.rochester.edu/people/31722384-karen-m-baker?utm_source=hyro_web,Visit page
bc1f5f52-602d-43f7-bedf-c5b055b747e0,08fd0ad8-b8bd-4c6d-a1bf-c381dbe24b4d,70,"{'action': 'https://www.urmc.rochester.edu/people/31722384-karen-m-baker?utm_source=hyro_web', 'displayText': 'Visit page'}",6700096955f202ce262111d0,2024-10-04 18:27:37.955,CTA_CLICK,https://www.urmc.rochester.edu/people/31722384-karen-m-baker?utm_source=hyro_web,Visit page
982a906c-15d2-4560-98d6-8ab3d75f35e2,08fd0ad8-b8bd-4c6d-a1bf-c381dbe24b4d,65,"{'action': '(585) 279-4800', 'displayText': 'Call'}",6707ce8a7673c82f4280bf1b,2024-10-10 15:54:34.931,CTA_CLICK,(585) 279-4800,Call
982a906c-15d2-4560-98d6-8ab3d75f35e2,08fd0ad8-b8bd-4c6d-a1bf-c381dbe24b4d,68,"{'action': '(585) 276-3000', 'displayText': 'Call'}",6707cf217673c82f4280c94c,2024-10-10 15:57:05.799,CTA_CLICK,(585) 276-3000,Call
982a906c-15d2-4560-98d6-8ab3d75f35e2,08fd0ad8-b8bd-4c6d-a1bf-c381dbe24b4d,71,"{'action': '(585) 279-4738', 'displayText': 'Call'}",6707d0d97673c82f4280e748,2024-10-10 16:04:25.662,CTA_CLICK,(585) 279-4738,Call
f30ca069-de63-4143-8869-ab6df70a3058,08fd0ad8-b8bd-4c6d-a1bf-c381dbe24b4d,36,"{'action': '(585) 978-8350', 'displayText': 'Call'}",670c277214519701d62325dc,2024-10-13 23:02:58.906,CTA_CLICK,(585) 978-8350,Call
b4022ed1-6e2f-40c0-9cc9-b550b342b3dd,08fd0ad8-b8bd-4c6d-a1bf-c381dbe24b4d,65,"{'action': '(585) 654-5432', 'displayText': 'Call'}",6707a6df7673c82f427f4731,2024-10-10 13:05:19.266,CTA_CLICK,(585) 654-5432,Call
7f8ea563-5b79-4b7e-bd06-0a6537c82e69,08fd0ad8-b8bd-4c6d-a1bf-c381dbe24b4d,65,"{'action': '(585) 276-3000', 'displayText': 'Call'}",670815a686501aa6ad2065e3,2024-10-10 20:57:58.056,CTA_CLICK,(585) 276-3000,Call
af695567-1ad0-42ae-b727-439a7fd9ce18,08fd0ad8-b8bd-4c6d-a1bf-c381dbe24b4d,41,"{'action': '(585) 341-7316', 'displayText': 'Call'}",6708188f86501aa6ad208d6e,2024-10-10 21:10:23.661,CTA_CLICK,(585) 341-7316,Call
b7f0f6b7-dff8-41fb-9d64-c66de881191c,08fd0ad8-b8bd-4c6d-a1bf-c381dbe24b4d,32,"{'action': '(585) 276-3000', 'displayText': 'Call'}",6708383d8529bdd2887e9057,2024-10-10 23:25:33.310,CTA_CLICK,(585) 276-3000,Call
71989c95-9f91-4e9d-a2f9-65f88bfc78e0,08fd0ad8-b8bd-4c6d-a1bf-c381dbe24b4d,51,"{'action': '(585) 273-3398', 'displayText': 'Call'}",6708342d8529bdd2887e5c08,2024-10-10 23:08:13.518,CTA_CLICK,(585) 273-3398,Call
488414de-0e80-405f-a89b-4e72e0ce6325,08fd0ad8-b8bd-4c6d-a1bf-c381dbe24b4d,33,"{'action': '(585) 276-3000', 'displayText': 'Call'}",67031f3fce37c37834c84da3,2024-10-07 02:37:35.675,CTA_CLICK,(585) 276-3000,Call
1cf0d0ef-b214-44ff-98c3-6983334cf2d9,08fd0ad8-b8bd-4c6d-a1bf-c381dbe24b4d,80,"{'action': 'https://www.urmc.rochester.edu/people/28905387-megan-l-johncox?utm_source=hyro_web', 'displayText': 'Visit page'}",67032421ce37c37834c88ccb,2024-10-07 02:58:25.648,CTA_CLICK,https://www.urmc.rochester.edu/people/28905387-megan-l-johncox?utm_source=hyro_web,Visit page
1613d1a3-b41e-4579-9388-115d0f1cbc51,08fd0ad8-b8bd-4c6d-a1bf-c381dbe24b4d,27,"{'action': '(607) 385-3700', 'displayText': 'Call'}",6702a7ee55f202ce26381d89,2024-10-06 18:08:30.722,CTA_CLICK,(607) 385-3700,Call
672b4085-a1bf-4493-bcf4-d8410040dba2,08fd0ad8-b8bd-4c6d-a1bf-c381dbe24b4d,64,"{'action': '(585) 275-2838', 'displayText': 'Call'}",66fe93e755f202ce26100066,2024-10-03 15:53:59.927,CTA_CLICK,(585) 275-2838,Call
832dda31-2b9b-4155-834c-7387661faa44,08fd0ad8-b8bd-4c6d-a1bf-c381dbe24b4d,46,"{'action': '(585) 275-7546', 'displayText': 'Call'}",66ff093f7886d98a5f411c15,2024-10-04 00:14:39.545,CTA_CLICK,(585) 275-7546,Call
e6526e1f-5f28-435c-b5b8-42edd65106a0,08fd0ad8-b8bd-4c6d-a1bf-c381dbe24b4d,24,"{'action': '(585) 275-2691', 'displayText': 'Call'}",66fe1c9055f202ce260d1353,2024-10-03 07:24:48.330,CTA_CLICK,(585) 275-2691,Call
1d926e19-6acd-4bd3-8582-5f26a9537ed3,08fd0ad8-b8bd-4c6d-a1bf-c381dbe24b4d,57,"{'action': '(585) 341-7616', 'displayText': 'Call'}",66fe148ace37c37834934843,2024-10-03 06:50:34.032,CTA_CLICK,(585) 341-7616,Call
2a7c0313-987b-4818-9f3f-5522544450a0,08fd0ad8-b8bd-4c6d-a1bf-c381dbe24b4d,42,"{'action': '(585) 341-7616', 'displayText': 'Call'}",66feca9d7886d98a5f3da82b,2024-10-03 19:47:25.229,CTA_CLICK,(585) 341-7616,Call
08776840-4502-477f-a091-e98008500ffd,08fd0ad8-b8bd-4c6d-a1bf-c381dbe24b4d,51,"{'action': '(585) 275-2838', 'displayText': 'Call'}",67002ccdfd4c301deb1c961a,2024-10-04 20:58:37.008,CTA_CLICK,(585) 275-2838,Call
80ada250-ac52-4726-814a-1c4eb3ec239a,08fd0ad8-b8bd-4c6d-a1bf-c381dbe24b4d,32,"{'action': 'https://www.urmc.rochester.edu/people/31146388-hannah-s-navarro?utm_source=hyro_web', 'displayText': 'Visit page'}",670d5d6a14519701d62fb17e,2024-10-14 21:05:30.275,CTA_CLICK,https://www.urmc.rochester.edu/people/31146388-hannah-s-navarro?utm_source=hyro_web,Visit page
80ada250-ac52-4726-814a-1c4eb3ec239a,08fd0ad8-b8bd-4c6d-a1bf-c381dbe24b4d,82,"{'action': '(585) 276-3000', 'displayText': 'Call'}",670d5dd614519701d62fb8a0,2024-10-14 21:07:18.589,CTA_CLICK,(585) 276-3000,Call
1ec5dbcc-cf6f-460a-b946-4f7d5a6b0501,08fd0ad8-b8bd-4c6d-a1bf-c381dbe24b4d,32,"{'action': '(585) 276-3000', 'displayText': 'Call'}",670d732e881e9aad8ce64c67,2024-10-14 22:38:22.483,CTA_CLICK,(585) 276-3000,Call
1ec5dbcc-cf6f-460a-b946-4f7d5a6b0501,08fd0ad8-b8bd-4c6d-a1bf-c381dbe24b4d,40,"{'action': '(585) 276-3000', 'displayText': 'Call'}",670d7340881e9aad8ce64da7,2024-10-14 22:38:40.486,CTA_CLICK,(585) 276-3000,Call
d9350681-aeb0-4d41-9b75-22c9b75a0d9c,08fd0ad8-b8bd-4c6d-a1bf-c381dbe24b4d,44,"{'action': 'https://www.urmc.rochester.edu/people/26758886-aaron-varghese?utm_source=hyro_web', 'displayText': 'Visit page'}",670d1f5114519701d62c178d,2024-10-14 16:40:33.546,CTA_CLICK,https://www.urmc.rochester.edu/people/26758886-aaron-varghese?utm_source=hyro_web,Visit page
d9350681-aeb0-4d41-9b75-22c9b75a0d9c,08fd0ad8-b8bd-4c6d-a1bf-c381dbe24b4d,114,"{'action': 'https://www.urmc.rochester.edu/people/26758886-aaron-varghese?utm_source=hyro_web', 'displayText': 'Visit page'}",670d22c08529bdd288ace85d,2024-10-14 16:55:12.745,CTA_CLICK,https://www.urmc.rochester.edu/people/26758886-aaron-varghese?utm_source=hyro_web,Visit page
e0f9b6f8-01a4-45ea-abed-5125b890dae8,08fd0ad8-b8bd-4c6d-a1bf-c381dbe24b4d,50,"{'action': 'https://www.urmc.rochester.edu/people/32719017-neha-patel-sharma?utm_source=hyro_web', 'displayText': 'Visit page'}",6706b41114519701d6ee1544,2024-10-09 19:49:21.359,CTA_CLICK,https://www.urmc.rochester.edu/people/32719017-neha-patel-sharma?utm_source=hyro_web,Visit page
5ecea9db-4b00-4213-8582-01a8432c7be7,08fd0ad8-b8bd-4c6d-a1bf-c381dbe24b4d,44,"{'action': 'https://www.urmc.rochester.edu/people/31146388-hannah-s-navarro?utm_source=hyro_web', 'displayText': 'Visit page'}",67068e5e7673c82f4273d703,2024-10-09 17:08:30.642,CTA_CLICK,https://www.urmc.rochester.edu/people/31146388-hannah-s-navarro?utm_source=hyro_web,Visit page
3a01a373-e81a-4c53-8a6e-9000ca93378d,08fd0ad8-b8bd-4c6d-a1bf-c381dbe24b4d,32,"{'action': '(585) 598-8600', 'displayText': 'Call'}",6706ac9a14519701d6eda328,2024-10-09 19:17:30.418,CTA_CLICK,(585) 598-8600,Call
f42b79b5-0337-42c4-8ba1-87d469fa5cff,08fd0ad8-b8bd-4c6d-a1bf-c381dbe24b4d,63,"{'action': '(585) 275-2838', 'displayText': 'Call'}",67082be28529bdd2887deedc,2024-10-10 22:32:50.084,CTA_CLICK,(585) 275-2838,Call
f42b79b5-0337-42c4-8ba1-87d469fa5cff,08fd0ad8-b8bd-4c6d-a1bf-c381dbe24b4d,85,"{'action': '(585) 275-2838', 'displayText': 'Call'}",67082c40d7b6713c29c18d37,2024-10-10 22:34:24.569,CTA_CLICK,(585) 275-2838,Call
82699d4c-6fca-407f-bf08-d98ee1888236,08fd0ad8-b8bd-4c6d-a1bf-c381dbe24b4d,41,"{'action': '(585) 279-7849', 'displayText': 'Call'}",66fbe493ce37c3783476626f,2024-10-01 15:01:23.251,CTA_CLICK,(585) 279-7849,Call
cb316e92-475d-43e9-90d6-62003d2d91c9,08fd0ad8-b8bd-4c6d-a1bf-c381dbe24b4d,32,"{'action': '(585) 275-7546', 'displayText': 'Call'}",66fbe7ad55f202ce26f41a12,2024-10-01 15:14:37.864,CTA_CLICK,(585) 275-7546,Call
63322011-5a35-4ee8-8734-1afed070574c,08fd0ad8-b8bd-4c6d-a1bf-c381dbe24b4d,92,"{'action': '(585) 275-2838', 'displayText': 'Call'}",66fc61b455f202ce26fb39a4,2024-10-01 23:55:16.627,CTA_CLICK,(585) 275-2838,Call
9a67852d-0312-4324-82b2-64d862c67c34,08fd0ad8-b8bd-4c6d-a1bf-c381dbe24b4d,127,"{'action': 'https://www.urmc.rochester.edu/people/31636636-sandy-wang?utm_source=hyro_web', 'displayText': 'Visit page'}",66fc8d9206ea172c89cfb96c,2024-10-02 03:02:26.584,CTA_CLICK,https://www.urmc.rochester.edu/people/31636636-sandy-wang?utm_source=hyro_web,Visit page
e30b3457-3d53-465d-86d9-e0cda8520630,08fd0ad8-b8bd-4c6d-a1bf-c381dbe24b4d,44,"{'action': '(585) 758-5700', 'displayText': 'Call'}",66fc2f98f5f972a5bee61c70,2024-10-01 20:21:28.401,CTA_CLICK,(585) 758-5700,Call
cdc66187-74d7-4d48-a530-edfaaa8663df,08fd0ad8-b8bd-4c6d-a1bf-c381dbe24b4d,86,"{'action': '(585) 341-7314', 'displayText': 'Call'}",670ed0a3c6d56ea4416114e2,2024-10-15 23:29:23.791,CTA_CLICK,(585) 341-7314,Call
13b4d675-d579-4b78-b91f-79ac9827e04f,08fd0ad8-b8bd-4c6d-a1bf-c381dbe24b4d,78,"{'action': 'https://www.urmc.rochester.edu/people/31636636-sandy-wang?utm_source=hyro_web', 'displayText': 'Visit page'}",670e4a3314519701d638824f,2024-10-15 13:55:47.262,CTA_CLICK,https://www.urmc.rochester.edu/people/31636636-sandy-wang?utm_source=hyro_web,Visit page
9bf14426-7734-463f-9422-2cb601b127f8,08fd0ad8-b8bd-4c6d-a1bf-c381dbe24b4d,87,"{'action': 'https://www.urmc.rochester.edu/people/21454431-carla-jungquist?utm_source=hyro_web', 'displayText': 'Visit page'}",670d98578529bdd288b3ac2c,2024-10-15 01:16:55.934,CTA_CLICK,https://www.urmc.rochester.edu/people/21454431-carla-jungquist?utm_source=hyro_web,Visit page
fd4897d1-dda0-4898-96e6-23ec6eb2c56c,08fd0ad8-b8bd-4c6d-a1bf-c381dbe24b4d,85,"{'action': '(585) 275-7546', 'displayText': 'Call'}",670d66c08529bdd288b0f2a1,2024-10-14 21:45:20.313,CTA_CLICK,(585) 275-7546,Call
e7106cad-5024-4e4b-956e-a83b54484a5a,08fd0ad8-b8bd-4c6d-a1bf-c381dbe24b4d,33,"{'action': 'https://www.urmc.rochester.edu/people/21359194-heather-marie-bonenfant?utm_source=hyro_web', 'displayText': 'Visit page'}",670cfb4f8529bdd288aaa179,2024-10-14 14:06:55.188,CTA_CLICK,https://www.urmc.rochester.edu/people/21359194-heather-marie-bonenfant?utm_source=hyro_web,Visit page
757f7858-2a19-432c-ba24-544b85c0a23a,08fd0ad8-b8bd-4c6d-a1bf-c381dbe24b4d,22,"{'action': '(585) 275-5823', 'displayText': 'Call'}",670d1f9e8529bdd288acb317,2024-10-14 16:41:50.561,CTA_CLICK,(585) 275-5823,Call
b7fa2042-5908-4557-9897-a68a2a261e29,08fd0ad8-b8bd-4c6d-a1bf-c381dbe24b4d,34,"{'action': '(585) 275-2647', 'displayText': 'Call'}",670962f58529bdd2888abbf5,2024-10-11 20:40:05.224,CTA_CLICK,(585) 275-2647,Call
d013a108-3a57-4592-9fa9-0c4e725a7b9a,08fd0ad8-b8bd-4c6d-a1bf-c381dbe24b4d,86,"{'action': 'https://www.urmc.rochester.edu/people/31636636-sandy-wang?utm_source=hyro_web', 'displayText': 'Visit page'}",66fcb63555f202ce26fec36d,2024-10-02 05:55:49.193,CTA_CLICK,https://www.urmc.rochester.edu/people/31636636-sandy-wang?utm_source=hyro_web,Visit page
d013a108-3a57-4592-9fa9-0c4e725a7b9a,08fd0ad8-b8bd-4c6d-a1bf-c381dbe24b4d,118,"{'action': 'https://www.urmc.rochester.edu/people/31636636-sandy-wang?utm_source=hyro_web', 'displayText': 'Visit page'}",66fcb6a055f202ce26fec7d0,2024-10-02 05:57:36.521,CTA_CLICK,https://www.urmc.rochester.edu/people/31636636-sandy-wang?utm_source=hyro_web,Visit page
d013a108-3a57-4592-9fa9-0c4e725a7b9a,08fd0ad8-b8bd-4c6d-a1bf-c381dbe24b4d,134,"{'action': 'https://www.urmc.rochester.edu/people/31636636-sandy-wang?utm_source=hyro_web', 'displayText': 'Visit page'}",66fcb715ce37c3783482b997,2024-10-02 05:59:33.815,CTA_CLICK,https://www.urmc.rochester.edu/people/31636636-sandy-wang?utm_source=hyro_web,Visit page
d81b2135-2b53-49ba-a500-f6af5624f0bb,08fd0ad8-b8bd-4c6d-a1bf-c381dbe24b4d,52,"{'action': '(585) 275-5321', 'displayText': 'Call'}",66fd6ef155f202ce2604e6e1,2024-10-02 19:04:01.332,CTA_CLICK,(585) 275-5321,Call
85feeff8-bd47-45fc-8858-e47efef87ba0,08fd0ad8-b8bd-4c6d-a1bf-c381dbe24b4d,37,"{'action': '(585) 275-2838', 'displayText': 'Call'}",66fed98e55f202ce2614376c,2024-10-03 20:51:10.678,CTA_CLICK,(585) 275-2838,Call
85feeff8-bd47-45fc-8858-e47efef87ba0,08fd0ad8-b8bd-4c6d-a1bf-c381dbe24b4d,40,"{'action': '(585) 275-2838', 'displayText': 'Call'}",66fed99155f202ce26143797,2024-10-03 20:51:13.959,CTA_CLICK,(585) 275-2838,Call
b6068d5e-388e-4ef5-bef3-22af7f10c9e6,08fd0ad8-b8bd-4c6d-a1bf-c381dbe24b4d,21,"{'action': '(585) 275-2691', 'displayText': 'Call'}",6709984526d0feb902d3805b,2024-10-12 00:27:33.681,CTA_CLICK,(585) 275-2691,Call
6864418b-72c1-4244-9176-9c48ea77789a,08fd0ad8-b8bd-4c6d-a1bf-c381dbe24b4d,55,"{'action': 'https://www.urmc.rochester.edu/people/23579347-lindsay-ann-marchetti?utm_source=hyro_web', 'displayText': 'Visit page'}",670952538529bdd28889cd7b,2024-10-11 19:29:07.193,CTA_CLICK,https://www.urmc.rochester.edu/people/23579347-lindsay-ann-marchetti?utm_source=hyro_web,Visit page
0e3e1eba-6d7f-42f4-965e-52d2d88b3671,08fd0ad8-b8bd-4c6d-a1bf-c381dbe24b4d,31,"{'action': '(585) 275-5321', 'displayText': 'Call'}",6709368826d0feb902cdbd1d,2024-10-11 17:30:32.172,CTA_CLICK,(585) 275-5321,Call
971b8e7a-af11-4db5-9fdd-c4d8e9be5b05,08fd0ad8-b8bd-4c6d-a1bf-c381dbe24b4d,70,"{'action': '(585) 279-4800', 'displayText': 'Call'}",670988c814519701d60cfab2,2024-10-11 23:21:28.702,CTA_CLICK,(585) 279-4800,Call
971b8e7a-af11-4db5-9fdd-c4d8e9be5b05,08fd0ad8-b8bd-4c6d-a1bf-c381dbe24b4d,90,"{'action': '(585) 279-4800', 'displayText': 'Call'}",670989a614519701d60d07bf,2024-10-11 23:25:10.884,CTA_CLICK,(585) 279-4800,Call
971b8e7a-af11-4db5-9fdd-c4d8e9be5b05,08fd0ad8-b8bd-4c6d-a1bf-c381dbe24b4d,98,"{'action': '(585) 279-4800', 'displayText': 'Call'}",670989be8529bdd2888d1476,2024-10-11 23:25:34.880,CTA_CLICK,(585) 279-4800,Call
23a9ccef-1930-4cfa-9fb1-4eead2d91eda,08fd0ad8-b8bd-4c6d-a1bf-c381dbe24b4d,32,"{'action': '(585) 654-5432', 'displayText': 'Call'}",670d98558529bdd288b3ac08,2024-10-15 01:16:53.855,CTA_CLICK,(585) 654-5432,Call
aa0903b3-15ae-4584-b3f8-0d26ddaee47e,08fd0ad8-b8bd-4c6d-a1bf-c381dbe24b4d,57,"{'action': 'https://www.urmc.rochester.edu/people/26870427-emily-thompson-carrillo?utm_source=hyro_web', 'displayText': 'Visit page'}",670d31a78790e7f88c260b0d,2024-10-14 17:58:47.247,CTA_CLICK,https://www.urmc.rochester.edu/people/26870427-emily-thompson-carrillo?utm_source=hyro_web,Visit page
476a1a8b-f9df-4df0-a7a6-a19fb715a890,08fd0ad8-b8bd-4c6d-a1bf-c381dbe24b4d,155,"{'action': '(585) 487-3378', 'displayText': 'Call'}",66fc06cece37c3783478cf1d,2024-10-01 17:27:26.400,CTA_CLICK,(585) 487-3378,Call
476a1a8b-f9df-4df0-a7a6-a19fb715a890,08fd0ad8-b8bd-4c6d-a1bf-c381dbe24b4d,158,"{'action': '(585) 487-3378', 'displayText': 'Call'}",66fc06ddce37c3783478d018,2024-10-01 17:27:41.176,CTA_CLICK,(585) 487-3378,Call
4fdf9f25-17bf-4df3-9a6a-faa5cb91c491,08fd0ad8-b8bd-4c6d-a1bf-c381dbe24b4d,42,"{'action': '(585) 273-3833', 'displayText': 'Call'}",66fbd831ce37c3783475c91f,2024-10-01 14:08:33.473,CTA_CLICK,(585) 273-3833,Call
4fdf9f25-17bf-4df3-9a6a-faa5cb91c491,08fd0ad8-b8bd-4c6d-a1bf-c381dbe24b4d,64,"{'action': '(585) 341-7316', 'displayText': 'Call'}",66fbd87855f202ce26f35b0d,2024-10-01 14:09:44.808,CTA_CLICK,(585) 341-7316,Call
1666d847-1a6e-4063-b306-159352386344,08fd0ad8-b8bd-4c6d-a1bf-c381dbe24b4d,31,"{'action': '(585) 275-2838', 'displayText': 'Call'}",66fc4f2bf5f972a5bee7d62b,2024-10-01 22:36:11.539,CTA_CLICK,(585) 275-2838,Call
5f05c12e-8f1a-43ec-b6bb-4b3cccd637e1,08fd0ad8-b8bd-4c6d-a1bf-c381dbe24b4d,35,"{'action': '(585) 275-5051', 'displayText': 'Call'}",66fc20aa06ea172c89ca8f61,2024-10-01 19:17:46.929,CTA_CLICK,(585) 275-5051,Call
a622e324-7728-4645-bc58-1f0af05cc12a,08fd0ad8-b8bd-4c6d-a1bf-c381dbe24b4d,35,"{'action': '(585) 276-3000', 'displayText': 'Call'}",66fc1e1006ea172c89ca6c6d,2024-10-01 19:06:40.168,CTA_CLICK,(585) 276-3000,Call
a622e324-7728-4645-bc58-1f0af05cc12a,08fd0ad8-b8bd-4c6d-a1bf-c381dbe24b4d,43,"{'action': '(585) 276-3000', 'displayText': 'Call'}",66fc1e2806ea172c89ca6da6,2024-10-01 19:07:04.746,CTA_CLICK,(585) 276-3000,Call
84f706da-dc07-4b45-a66f-8a0127c85859,08fd0ad8-b8bd-4c6d-a1bf-c381dbe24b4d,35,"{'action': '(585) 341-7575', 'displayText': 'Call'}",66fc2ed4ce37c378347b5360,2024-10-01 20:18:12.279,CTA_CLICK,(585) 341-7575,Call
7bb640db-3cf8-44f2-aa61-5291597f75b7,08fd0ad8-b8bd-4c6d-a1bf-c381dbe24b4d,113,"{'action': '(585) 275-7546', 'displayText': 'Call'}",66fc42eace37c378347c8323,2024-10-01 21:43:54.002,CTA_CLICK,(585) 275-7546,Call
894f608d-4af5-4d33-8275-14addf8becb2,08fd0ad8-b8bd-4c6d-a1bf-c381dbe24b4d,32,"{'action': 'https://www.urmc.rochester.edu/people/23020887-mary-k-marrocco?utm_source=hyro_web', 'displayText': 'Visit page'}",66fc57cef5f972a5bee846ae,2024-10-01 23:13:02.326,CTA_CLICK,https://www.urmc.rochester.edu/people/23020887-mary-k-marrocco?utm_source=hyro_web,Visit page
894f608d-4af5-4d33-8275-14addf8becb2,08fd0ad8-b8bd-4c6d-a1bf-c381dbe24b4d,46,"{'action': 'https://www.urmc.rochester.edu/people/23020887-mary-k-marrocco?utm_source=hyro_web', 'displayText': 'Visit page'}",66fc57e506ea172c89cd8b01,2024-10-01 23:13:25.978,CTA_CLICK,https://www.urmc.rochester.edu/people/23020887-mary-k-marrocco?utm_source=hyro_web,Visit page
894f608d-4af5-4d33-8275-14addf8becb2,08fd0ad8-b8bd-4c6d-a1bf-c381dbe24b4d,68,"{'action': 'https://www.urmc.rochester.edu/people/23020887-mary-k-marrocco?utm_source=hyro_web', 'displayText': 'Visit page'}",66fc5818f5f972a5bee84a32,2024-10-01 23:14:16.270,CTA_CLICK,https://www.urmc.rochester.edu/people/23020887-mary-k-marrocco?utm_source=hyro_web,Visit page
894f608d-4af5-4d33-8275-14addf8becb2,08fd0ad8-b8bd-4c6d-a1bf-c381dbe24b4d,82,"{'action': 'https://www.urmc.rochester.edu/people/23020887-mary-k-marrocco?utm_source=hyro_web', 'displayText': 'Visit page'}",66fc581f55f202ce26fac9fc,2024-10-01 23:14:23.781,CTA_CLICK,https://www.urmc.rochester.edu/people/23020887-mary-k-marrocco?utm_source=hyro_web,Visit page
96d4932e-5209-446b-b700-7b76cf5bcb80,08fd0ad8-b8bd-4c6d-a1bf-c381dbe24b4d,51,"{'action': 'https://www.urmc.rochester.edu/people/32668070-dina-amin?utm_source=hyro_web', 'displayText': 'Visit page'}",67042adbce37c37834d351d1,2024-10-07 21:39:23.826,CTA_CLICK,https://www.urmc.rochester.edu/people/32668070-dina-amin?utm_source=hyro_web,Visit page
0ff75233-2189-46f7-82f6-2fe1e8c985b8,08fd0ad8-b8bd-4c6d-a1bf-c381dbe24b4d,274,"{'action': '(585) 279-4800', 'displayText': 'Call'}",6703d91a00ab2c30dea6f2a0,2024-10-07 15:50:34.342,CTA_CLICK,(585) 279-4800,Call
0ff75233-2189-46f7-82f6-2fe1e8c985b8,08fd0ad8-b8bd-4c6d-a1bf-c381dbe24b4d,362,"{'action': '(585) 784-7848', 'displayText': 'Call'}",6703dad6ce37c37834ceac9c,2024-10-07 15:57:58.843,CTA_CLICK,(585) 784-7848,Call
ada503dd-95bf-4f26-adb0-2f7b6d2ec191,08fd0ad8-b8bd-4c6d-a1bf-c381dbe24b4d,35,"{'action': '(585) 275-5321', 'displayText': 'Call'}",6703d1f5ce37c37834ce396e,2024-10-07 15:20:05.951,CTA_CLICK,(585) 275-5321,Call
98750074-ac12-4cb4-9650-e2e57b3e61c0,08fd0ad8-b8bd-4c6d-a1bf-c381dbe24b4d,124,"{'action': '(585) 275-2838', 'displayText': 'Call'}",6704384700ab2c30deac21ac,2024-10-07 22:36:39.237,CTA_CLICK,(585) 275-2838,Call
947adabb-eb21-439f-83af-6053def6b8af,08fd0ad8-b8bd-4c6d-a1bf-c381dbe24b4d,66,"{'action': '(585) 275-2901', 'displayText': 'Call'}",67044a70dd018676c7443dc9,2024-10-07 23:54:08.494,CTA_CLICK,(585) 275-2901,Call
c0dd4dc5-a417-4d38-b3d9-c4d7f6b97185,08fd0ad8-b8bd-4c6d-a1bf-c381dbe24b4d,30,"{'action': 'https://www.urmc.rochester.edu/people/31859554-sarah-minney?utm_source=hyro_web', 'displayText': 'Visit page'}",67040f2f55f202ce264644ba,2024-10-07 19:41:19.718,CTA_CLICK,https://www.urmc.rochester.edu/people/31859554-sarah-minney?utm_source=hyro_web,Visit page
f31b4455-215a-49cc-8f51-256a12c1ccab,08fd0ad8-b8bd-4c6d-a1bf-c381dbe24b4d,35,"{'action': '(585) 275-2838', 'displayText': 'Call'}",6703e0fe00ab2c30dea752f6,2024-10-07 16:24:14.523,CTA_CLICK,(585) 275-2838,Call
2602328e-f896-4c99-88bf-0fe518d67082,08fd0ad8-b8bd-4c6d-a1bf-c381dbe24b4d,32,"{'action': 'https://www.urmc.rochester.edu/people/32668070-dina-amin?utm_source=hyro_web', 'displayText': 'Visit page'}",6704054ece37c37834d13eca,2024-10-07 18:59:10.455,CTA_CLICK,https://www.urmc.rochester.edu/people/32668070-dina-amin?utm_source=hyro_web,Visit page
a40add1e-ea4b-4d67-a030-4ff34b8678dd,08fd0ad8-b8bd-4c6d-a1bf-c381dbe24b4d,51,"{'action': '(585) 275-2838', 'displayText': 'Call'}",6704067255f202ce2645d1c0,2024-10-07 19:04:02.748,CTA_CLICK,(585) 275-2838,Call
758ccf80-dfce-41ad-a138-f51e5434be80,08fd0ad8-b8bd-4c6d-a1bf-c381dbe24b4d,42,"{'action': '(585) 279-4800', 'displayText': 'Call'}",670433a0dd018676c74311d4,2024-10-07 22:16:48.272,CTA_CLICK,(585) 279-4800,Call
55d397c1-5a46-4fd8-9be2-ab832d55040f,08fd0ad8-b8bd-4c6d-a1bf-c381dbe24b4d,32,"{'action': '(585) 275-2838', 'displayText': 'Call'}",6704359f00ab2c30deabffed,2024-10-07 22:25:19.800,CTA_CLICK,(585) 275-2838,Call
679f528f-50d8-4305-b186-b65258121879,08fd0ad8-b8bd-4c6d-a1bf-c381dbe24b4d,35,"{'action': 'https://www.urmc.rochester.edu/people/32574715-eric-tharmathurai?utm_source=hyro_web', 'displayText': 'Visit page'}",6704709355f202ce264b3f85,2024-10-08 02:36:51.311,CTA_CLICK,https://www.urmc.rochester.edu/people/32574715-eric-tharmathurai?utm_source=hyro_web,Visit page
c6c8b224-36e4-4927-ba87-e6be56002298,08fd0ad8-b8bd-4c6d-a1bf-c381dbe24b4d,66,"{'action': '(585) 276-3000', 'displayText': 'Call'}",6703ed4000ab2c30dea80129,2024-10-07 17:16:32.782,CTA_CLICK,(585) 276-3000,Call
6d93082f-499a-4bf7-98be-dd6715e5bccc,08fd0ad8-b8bd-4c6d-a1bf-c381dbe24b4d,26,"{'action': 'https://www.urmc.rochester.edu/people/32668070-dina-amin?utm_source=hyro_web', 'displayText': 'Visit page'}",6703dd3fdd018676c73e4876,2024-10-07 16:08:15.209,CTA_CLICK,https://www.urmc.rochester.edu/people/32668070-dina-amin?utm_source=hyro_web,Visit page
068dd935-b30a-4166-b875-8a529dc95eb7,08fd0ad8-b8bd-4c6d-a1bf-c381dbe24b4d,51,"{'action': '(585) 275-5875', 'displayText': 'Call'}",66fd4a01ce37c37834873335,2024-10-02 16:26:25.044,CTA_CLICK,(585) 275-5875,Call
068dd935-b30a-4166-b875-8a529dc95eb7,08fd0ad8-b8bd-4c6d-a1bf-c381dbe24b4d,54,"{'action': '(585) 275-5875', 'displayText': 'Call'}",66fd4a24ce37c378348735d8,2024-10-02 16:27:00.279,CTA_CLICK,(585) 275-5875,Call
f1a0503e-ec56-4b76-89dc-5d53d4b95092,08fd0ad8-b8bd-4c6d-a1bf-c381dbe24b4d,41,"{'action': '(585) 341-7616', 'displayText': 'Call'}",66fe1b9655f202ce260d0cae,2024-10-03 07:20:38.183,CTA_CLICK,(585) 341-7616,Call
f1a0503e-ec56-4b76-89dc-5d53d4b95092,08fd0ad8-b8bd-4c6d-a1bf-c381dbe24b4d,44,"{'action': '(585) 341-7616', 'displayText': 'Call'}",66fe1bac55f202ce260d0d72,2024-10-03 07:21:00.062,CTA_CLICK,(585) 341-7616,Call
f1a0503e-ec56-4b76-89dc-5d53d4b95092,08fd0ad8-b8bd-4c6d-a1bf-c381dbe24b4d,47,"{'action': '(585) 341-7616', 'displayText': 'Call'}",66fe1baf55f202ce260d0d92,2024-10-03 07:21:03.679,CTA_CLICK,(585) 341-7616,Call
f1a0503e-ec56-4b76-89dc-5d53d4b95092,08fd0ad8-b8bd-4c6d-a1bf-c381dbe24b4d,50,"{'action': '(585) 341-7616', 'displayText': 'Call'}",66fe1bb355f202ce260d0da8,2024-10-03 07:21:07.143,CTA_CLICK,(585) 341-7616,Call
f1a0503e-ec56-4b76-89dc-5d53d4b95092,08fd0ad8-b8bd-4c6d-a1bf-c381dbe24b4d,86,"{'action': '(585) 341-7616', 'displayText': 'Call'}",66fe1bf8ce37c378349387c2,2024-10-03 07:22:16.771,CTA_CLICK,(585) 341-7616,Call
208bebbe-e67a-4fa3-8abc-c8d23e00899c,08fd0ad8-b8bd-4c6d-a1bf-c381dbe24b4d,65,"{'action': 'https://www.urmc.rochester.edu/people/23031470-david-e-lee?utm_source=hyro_web', 'displayText': 'Visit page'}",66ff1b9d55f202ce2617c2e1,2024-10-04 01:33:01.912,CTA_CLICK,https://www.urmc.rochester.edu/people/23031470-david-e-lee?utm_source=hyro_web,Visit page
580aaed2-fd7a-4da2-8b36-db163589a482,08fd0ad8-b8bd-4c6d-a1bf-c381dbe24b4d,84,"{'action': 'https://www.urmc.rochester.edu/people/31636636-sandy-wang?utm_source=hyro_web', 'displayText': 'Visit page'}",66fd2f93ce37c378348596a5,2024-10-02 14:33:39.598,CTA_CLICK,https://www.urmc.rochester.edu/people/31636636-sandy-wang?utm_source=hyro_web,Visit page
6b9bb35c-2b3a-40fb-a773-04c977b97350,08fd0ad8-b8bd-4c6d-a1bf-c381dbe24b4d,55,"{'action': 'https://www.urmc.rochester.edu/people/31659109-chloe-h-ingalls?utm_source=hyro_web', 'displayText': 'Visit page'}",66fd35f8ce37c3783485ebae,2024-10-02 15:00:56.083,CTA_CLICK,https://www.urmc.rochester.edu/people/31659109-chloe-h-ingalls?utm_source=hyro_web,Visit page
9193e9b8-e56a-4dd9-a6e7-9031f8b187ea,08fd0ad8-b8bd-4c6d-a1bf-c381dbe24b4d,30,"{'action': '(585) 275-2838', 'displayText': 'Call'}",66fd75f555f202ce26054821,2024-10-02 19:33:57.617,CTA_CLICK,(585) 275-2838,Call
9a9df2d4-579d-44e7-85b2-bf145ef41226,08fd0ad8-b8bd-4c6d-a1bf-c381dbe24b4d,157,"{'action': '(585) 275-2838', 'displayText': 'Call'}",66fd72a956f35ba81d9cef8f,2024-10-02 19:19:53.749,CTA_CLICK,(585) 275-2838,Call
48f42604-e095-46a0-85c1-7a0675b7d7db,08fd0ad8-b8bd-4c6d-a1bf-c381dbe24b4d,78,"{'action': '(585) 602-0100', 'displayText': 'Call'}",66fd835bce37c378348b2746,2024-10-02 20:31:07.287,CTA_CLICK,(585) 602-0100,Call
0d6d27ef-c591-4c4a-91fd-654092577cae,08fd0ad8-b8bd-4c6d-a1bf-c381dbe24b4d,54,"{'action': '(585) 276-3000', 'displayText': 'Call'}",670d49a914519701d62e8c30,2024-10-14 19:41:13.892,CTA_CLICK,(585) 276-3000,Call
57fc2985-d27c-4cb5-a766-ae330bec5fc4,08fd0ad8-b8bd-4c6d-a1bf-c381dbe24b4d,32,"{'action': '(585) 276-3000', 'displayText': 'Call'}",670d87668790e7f88c2aeba5,2024-10-15 00:04:38.876,CTA_CLICK,(585) 276-3000,Call
57fc2985-d27c-4cb5-a766-ae330bec5fc4,08fd0ad8-b8bd-4c6d-a1bf-c381dbe24b4d,35,"{'action': '(585) 279-7849', 'displayText': 'Call'}",670d87fe8790e7f88c2af2e3,2024-10-15 00:07:10.375,CTA_CLICK,(585) 279-7849,Call
57fc2985-d27c-4cb5-a766-ae330bec5fc4,08fd0ad8-b8bd-4c6d-a1bf-c381dbe24b4d,38,"{'action': 'https://www.urmc.rochester.edu/people/23027152-david-m-garrison?utm_source=hyro_web', 'displayText': 'Visit page'}",670d88688790e7f88c2af7e9,2024-10-15 00:08:56.178,CTA_CLICK,https://www.urmc.rochester.edu/people/23027152-david-m-garrison?utm_source=hyro_web,Visit page
57fc2985-d27c-4cb5-a766-ae330bec5fc4,08fd0ad8-b8bd-4c6d-a1bf-c381dbe24b4d,60,"{'action': 'https://www.urmc.rochester.edu/people/26590837-myra-lynette-mathis?utm_source=hyro_web', 'displayText': 'Visit page'}",670d8a47881e9aad8ce77ef8,2024-10-15 00:16:55.292,CTA_CLICK,https://www.urmc.rochester.edu/people/26590837-myra-lynette-mathis?utm_source=hyro_web,Visit page
7dee62e2-cd9a-4635-a77b-fd818fb05278,08fd0ad8-b8bd-4c6d-a1bf-c381dbe24b4d,141,"{'action': 'https://www.urmc.rochester.edu/people/31636636-sandy-wang?utm_source=hyro_web', 'displayText': 'Visit page'}",670a6e7214519701d6140751,2024-10-12 15:41:22.261,CTA_CLICK,https://www.urmc.rochester.edu/people/31636636-sandy-wang?utm_source=hyro_web,Visit page
98d50ed9-62f9-4391-94dc-34fcc2847a0f,08fd0ad8-b8bd-4c6d-a1bf-c381dbe24b4d,33,"{'action': 'https://www.urmc.rochester.edu/people/31849951-sara-r-macleod?utm_source=hyro_web', 'displayText': 'Visit page'}",670e8500c6d56ea4415cab1c,2024-10-15 18:06:40.873,CTA_CLICK,https://www.urmc.rochester.edu/people/31849951-sara-r-macleod?utm_source=hyro_web,Visit page
aa10e978-87db-490f-83f3-a00f3e423103,08fd0ad8-b8bd-4c6d-a1bf-c381dbe24b4d,81,"{'action': '(585) 275-5944', 'displayText': 'Call'}",670e4d1514519701d63897ab,2024-10-15 14:08:05.741,CTA_CLICK,(585) 275-5944,Call
aa10e978-87db-490f-83f3-a00f3e423103,08fd0ad8-b8bd-4c6d-a1bf-c381dbe24b4d,84,"{'action': '(585) 275-5944', 'displayText': 'Call'}",670e4d3c14519701d63898c6,2024-10-15 14:08:44.876,CTA_CLICK,(585) 275-5944,Call
aa10e978-87db-490f-83f3-a00f3e423103,08fd0ad8-b8bd-4c6d-a1bf-c381dbe24b4d,116,"{'action': '(585) 654-5432', 'displayText': 'Call'}",670e4d8a14519701d6389b82,2024-10-15 14:10:02.204,CTA_CLICK,(585) 654-5432,Call
aa10e978-87db-490f-83f3-a00f3e423103,08fd0ad8-b8bd-4c6d-a1bf-c381dbe24b4d,119,"{'action': '(585) 654-5432', 'displayText': 'Call'}",670e4f3814519701d638a92f,2024-10-15 14:17:12.872,CTA_CLICK,(585) 654-5432,Call
1de914a0-c52b-4d07-8095-8f592a6ee07c,08fd0ad8-b8bd-4c6d-a1bf-c381dbe24b4d,43,"{'action': '(585) 276-3000', 'displayText': 'Call'}",670ea42f14519701d63dabb8,2024-10-15 20:19:43.887,CTA_CLICK,(585) 276-3000,Call
a595568a-de8c-473e-a38f-4166213acb37,08fd0ad8-b8bd-4c6d-a1bf-c381dbe24b4d,57,"{'action': '(585) 273-3833', 'displayText': 'Call'}",670ded9814519701d636ba32,2024-10-15 07:20:40.754,CTA_CLICK,(585) 273-3833,Call
e4276e01-5722-476f-9c3d-460b86a42879,08fd0ad8-b8bd-4c6d-a1bf-c381dbe24b4d,57,"{'action': 'https://www.urmc.rochester.edu/people/31237789-mariah-p-burkhard?utm_source=hyro_web', 'displayText': 'Visit page'}",670523d20f278e6ab110c1d7,2024-10-08 15:21:38.623,CTA_CLICK,https://www.urmc.rochester.edu/people/31237789-mariah-p-burkhard?utm_source=hyro_web,Visit page
71949972-11be-435b-9cbf-8b1834983660,08fd0ad8-b8bd-4c6d-a1bf-c381dbe24b4d,33,"{'action': '(585) 279-4700', 'displayText': 'Call'}",670591b07673c82f4269de31,2024-10-08 23:10:24.518,CTA_CLICK,(585) 279-4700,Call
3e7519e6-f5ad-4c54-81c8-8fc6ddc3dd1d,08fd0ad8-b8bd-4c6d-a1bf-c381dbe24b4d,35,"{'action': '(585) 275-2838', 'displayText': 'Call'}",670553387673c82f4266208a,2024-10-08 18:43:52.464,CTA_CLICK,(585) 275-2838,Call
8bd9a732-0496-44ad-b113-31d71b57a283,08fd0ad8-b8bd-4c6d-a1bf-c381dbe24b4d,58,"{'action': '(585) 279-4738', 'displayText': 'Call'}",670532500f278e6ab1119c46,2024-10-08 16:23:28.252,CTA_CLICK,(585) 279-4738,Call
8bd9a732-0496-44ad-b113-31d71b57a283,08fd0ad8-b8bd-4c6d-a1bf-c381dbe24b4d,61,"{'action': 'https://www.urmc.rochester.edu/people/31636636-sandy-wang?utm_source=hyro_web', 'displayText': 'Visit page'}",670533150f278e6ab111a869,2024-10-08 16:26:45.781,CTA_CLICK,https://www.urmc.rochester.edu/people/31636636-sandy-wang?utm_source=hyro_web,Visit page
16ab25f9-0ec5-4ef9-af78-b433a6a830d7,08fd0ad8-b8bd-4c6d-a1bf-c381dbe24b4d,29,"{'action': 'https://www.urmc.rochester.edu/people/27337264-michael-grizzanti?utm_source=hyro_web', 'displayText': 'Visit page'}",6705294514519701d6db51a8,2024-10-08 15:44:53.336,CTA_CLICK,https://www.urmc.rochester.edu/people/27337264-michael-grizzanti?utm_source=hyro_web,Visit page
dd5b5f94-b07d-440f-8ca3-4cd6fbd151b0,08fd0ad8-b8bd-4c6d-a1bf-c381dbe24b4d,35,"{'action': '(585) 279-4738', 'displayText': 'Call'}",6705844e7673c82f4269147b,2024-10-08 22:13:18.233,CTA_CLICK,(585) 279-4738,Call
dd5b5f94-b07d-440f-8ca3-4cd6fbd151b0,08fd0ad8-b8bd-4c6d-a1bf-c381dbe24b4d,48,"{'action': '(585) 279-4738', 'displayText': 'Call'}",6705849c0f278e6ab116d325,2024-10-08 22:14:36.636,CTA_CLICK,(585) 279-4738,Call
ca366ad4-40f4-4880-b2ee-3622a286b3c0,08fd0ad8-b8bd-4c6d-a1bf-c381dbe24b4d,77,"{'action': '(585) 602-1760', 'displayText': 'Call'}",67057e8c0f278e6ab1167a17,2024-10-08 21:48:44.972,CTA_CLICK,(585) 602-1760,Call
09563bfb-8e66-4a75-8439-cdff94ef3afa,08fd0ad8-b8bd-4c6d-a1bf-c381dbe24b4d,42,"{'action': 'https://www.urmc.rochester.edu/people/26749778-meredith-k-abbasi?utm_source=hyro_web', 'displayText': 'Visit page'}",67057f217673c82f4268c844,2024-10-08 21:51:13.266,CTA_CLICK,https://www.urmc.rochester.edu/people/26749778-meredith-k-abbasi?utm_source=hyro_web,Visit page
2020347d-0392-4f44-b729-0256b980b7a3,08fd0ad8-b8bd-4c6d-a1bf-c381dbe24b4d,46,"{'action': '(585) 271-2990', 'displayText': 'Call'}",670542ce0f278e6ab112c83f,2024-10-08 17:33:50.223,CTA_CLICK,(585) 271-2990,Call
4976d1ed-fe80-469e-be5f-54fb8ea9bb02,08fd0ad8-b8bd-4c6d-a1bf-c381dbe24b4d,32,"{'action': 'https://www.urmc.rochester.edu/people/20805456-daniel-l-zerbe?utm_source=hyro_web', 'displayText': 'Visit page'}",67059c887673c82f426a70fb,2024-10-08 23:56:40.432,CTA_CLICK,https://www.urmc.rochester.edu/people/20805456-daniel-l-zerbe?utm_source=hyro_web,Visit page
98d8978b-8a78-474e-bead-3bdd5e18b4cc,08fd0ad8-b8bd-4c6d-a1bf-c381dbe24b4d,34,"{'action': 'https://www.urmc.rochester.edu/people/31845885-katherine-l-tuttle?utm_source=hyro_web', 'displayText': 'Visit page'}",670546f67673c82f42655885,2024-10-08 17:51:34.616,CTA_CLICK,https://www.urmc.rochester.edu/people/31845885-katherine-l-tuttle?utm_source=hyro_web,Visit page
7ba187dc-bdef-421b-9773-6b9634c8449e,08fd0ad8-b8bd-4c6d-a1bf-c381dbe24b4d,22,"{'action': '(585) 275-2838', 'displayText': 'Call'}",6705461f14519701d6dd3ed6,2024-10-08 17:47:59.173,CTA_CLICK,(585) 275-2838,Call
d8325339-65db-479d-9212-516427823137,08fd0ad8-b8bd-4c6d-a1bf-c381dbe24b4d,32,"{'action': '(585) 275-0526', 'displayText': 'Call'}",6701c82755f202ce26329083,2024-10-06 02:13:43.381,CTA_CLICK,(585) 275-0526,Call
838c934e-becc-4865-82aa-bc3b6480078b,08fd0ad8-b8bd-4c6d-a1bf-c381dbe24b4d,70,"{'action': '(585) 273-3833', 'displayText': 'Call'}",6701384655f202ce262c1779,2024-10-05 15:59:50.530,CTA_CLICK,(585) 273-3833,Call
68d9534a-318e-4362-be8b-d7785cfa86c0,08fd0ad8-b8bd-4c6d-a1bf-c381dbe24b4d,187,"{'action': '(585) 275-2838', 'displayText': 'Call'}",6701076855f202ce262aef60,2024-10-05 12:31:20.963,CTA_CLICK,(585) 275-2838,Call
b844235e-638a-4727-b975-309e264473cb,08fd0ad8-b8bd-4c6d-a1bf-c381dbe24b4d,48,"{'action': '(585) 275-9784', 'displayText': 'Call'}",6706f84af480fd5383aeea93,2024-10-10 00:40:26.131,CTA_CLICK,(585) 275-9784,Call
f7fbff0e-9e6f-4ebb-8f6a-b827e9816801,08fd0ad8-b8bd-4c6d-a1bf-c381dbe24b4d,32,"{'action': '(585) 279-4700', 'displayText': 'Call'}",6706fb7114519701d6f1f258,2024-10-10 00:53:53.728,CTA_CLICK,(585) 279-4700,Call
f2bbe0ba-b9de-42bc-b0a1-5f89e4d043b5,08fd0ad8-b8bd-4c6d-a1bf-c381dbe24b4d,74,"{'action': '(585) 275-2559', 'displayText': 'Call'}",6706eb2ef480fd5383ae473c,2024-10-09 23:44:30.422,CTA_CLICK,(585) 275-2559,Call
7a97b245-e216-43c8-a1bf-232c4226c918,08fd0ad8-b8bd-4c6d-a1bf-c381dbe24b4d,32,"{'action': '(585) 341-7177', 'displayText': 'Call'}",6706bcfe14519701d6ee9a46,2024-10-09 20:27:26.833,CTA_CLICK,(585) 341-7177,Call
7a97b245-e216-43c8-a1bf-232c4226c918,08fd0ad8-b8bd-4c6d-a1bf-c381dbe24b4d,35,"{'action': '(585) 341-7316', 'displayText': 'Call'}",6706bd6a14519701d6eea0b9,2024-10-09 20:29:14.468,CTA_CLICK,(585) 341-7316,Call
c916fb82-5036-49b8-a005-ac29a0eeefe5,08fd0ad8-b8bd-4c6d-a1bf-c381dbe24b4d,42,"{'action': 'https://www.urmc.rochester.edu/people/27428948-elizabeth-willman?utm_source=hyro_web', 'displayText': 'Visit page'}",670642ea14519701d6e8a0b7,2024-10-09 11:46:34.728,CTA_CLICK,https://www.urmc.rochester.edu/people/27428948-elizabeth-willman?utm_source=hyro_web,Visit page
a44eb147-1e2e-4c98-8072-8de1beb007d2,08fd0ad8-b8bd-4c6d-a1bf-c381dbe24b4d,42,"{'action': '(585) 275-7546', 'displayText': 'Call'}",6706dc9e7673c82f42789a1f,2024-10-09 22:42:22.389,CTA_CLICK,(585) 275-7546,Call
b7db73af-9749-4ae8-8145-f20d30ec7398,08fd0ad8-b8bd-4c6d-a1bf-c381dbe24b4d,46,"{'action': '(585) 341-7314', 'displayText': 'Call'}",670937d426d0feb902cdd413,2024-10-11 17:36:04.462,CTA_CLICK,(585) 341-7314,Call
3b2a7dac-59a7-438d-ada5-79bac8576ab1,08fd0ad8-b8bd-4c6d-a1bf-c381dbe24b4d,57,"{'action': '(585) 991-6055', 'displayText': 'Call'}",670964a626d0feb902d08411,2024-10-11 20:47:18.817,CTA_CLICK,(585) 991-6055,Call
5f504b4a-503c-4c71-b2b0-bf39023e569d,08fd0ad8-b8bd-4c6d-a1bf-c381dbe24b4d,38,"{'action': '(585) 279-4700', 'displayText': 'Call'}",66ffeb94da6a1c14831f383c,2024-10-04 16:20:20.182,CTA_CLICK,(585) 279-4700,Call
4c2dccd4-7b9b-4b1a-bdf3-8e4fd292b59a,08fd0ad8-b8bd-4c6d-a1bf-c381dbe24b4d,46,"{'action': 'https://www.urmc.rochester.edu/people/24014465-rachel-nadbrzuch?utm_source=hyro_web', 'displayText': 'Visit page'}",670053e1ce37c37834ad6439,2024-10-04 23:45:21.694,CTA_CLICK,https://www.urmc.rochester.edu/people/24014465-rachel-nadbrzuch?utm_source=hyro_web,Visit page
8e6e0074-68a8-4514-99ad-ea5b5a5244d0,08fd0ad8-b8bd-4c6d-a1bf-c381dbe24b4d,86,"{'action': 'https://www.urmc.rochester.edu/people/31636636-sandy-wang?utm_source=hyro_web', 'displayText': 'Visit page'}",67004ee3fd4c301deb1e4390,2024-10-04 23:24:03.061,CTA_CLICK,https://www.urmc.rochester.edu/people/31636636-sandy-wang?utm_source=hyro_web,Visit page
19181d90-ce97-42ed-af43-72ee200845b2,08fd0ad8-b8bd-4c6d-a1bf-c381dbe24b4d,32,"{'action': '(585) 275-7546', 'displayText': 'Call'}",66ffda3455f202ce261e09a7,2024-10-04 15:06:12.060,CTA_CLICK,(585) 275-7546,Call
816d1a35-d7c4-43f6-a6c3-ac2d48526528,08fd0ad8-b8bd-4c6d-a1bf-c381dbe24b4d,128,"{'action': 'https://www.urmc.rochester.edu/people/31976244-ayesha-l-turner?utm_source=hyro_web', 'displayText': 'Visit page'}",670048ebce37c37834acd7af,2024-10-04 22:58:35.578,CTA_CLICK,https://www.urmc.rochester.edu/people/31976244-ayesha-l-turner?utm_source=hyro_web,Visit page
