CONVERSATION_ID,ASSISTANT_ID,EVENT_POSITION,eventData,eventId,timestamp,typeOfEvent,nluEngineVersion,requestLatency,type
5d0c9f7d-f96e-45ad-a0e7-06975ff5965a,08fd0ad8-b8bd-4c6d-a1bf-c381dbe24b4d,85,"{'nluEngineVersion': 'e04547ebabc1ce823670359ac9eb2f882eac7a1c urmc-0bbf8416e2dffb4d5af60416f6e94ed5', 'requestLatency': 540, 'type': 'name'}",6706de4314519701d6f08b78,2024-10-09 22:49:23.829,DISAMBIGUATION_HINT,e04547ebabc1ce823670359ac9eb2f882eac7a1c urmc-0bbf8416e2dffb4d5af60416f6e94ed5,540,name
7cdfb076-b0d3-43e7-89ef-1313104f1bdb,08fd0ad8-b8bd-4c6d-a1bf-c381dbe24b4d,75,"{'nluEngineVersion': '9fa39a7450e451c50af6cd065449a16961ff1eff urmc-0bbf8416e2dffb4d5af60416f6e94ed5', 'requestLatency': 730, 'type': 'name'}",67067d637673c82f4272ca05,2024-10-09 15:56:03.328,DISAMBIGUATION_HINT,9fa39a7450e451c50af6cd065449a16961ff1eff urmc-0bbf8416e2dffb4d5af60416f6e94ed5,730,name
b4774e52-b5c9-4153-961e-0639d7a88142,08fd0ad8-b8bd-4c6d-a1bf-c381dbe24b4d,88,"{'nluEngineVersion': '9fa39a7450e451c50af6cd065449a16961ff1eff urmc-0bbf8416e2dffb4d5af60416f6e94ed5', 'requestLatency': 137, 'type': 'name'}",67067cc514519701d6ea9719,2024-10-09 15:53:25.711,DISAMBIGUATION_HINT,9fa39a7450e451c50af6cd065449a16961ff1eff urmc-0bbf8416e2dffb4d5af60416f6e94ed5,137,name
fdb7d2b9-cd17-424e-801d-f0ec562fc792,08fd0ad8-b8bd-4c6d-a1bf-c381dbe24b4d,61,"{'nluEngineVersion': 'e04547ebabc1ce823670359ac9eb2f882eac7a1c urmc-0bbf8416e2dffb4d5af60416f6e94ed5', 'requestLatency': 1266, 'type': 'name'}",6706b76ff480fd5383ab32a1,2024-10-09 20:03:43.368,DISAMBIGUATION_HINT,e04547ebabc1ce823670359ac9eb2f882eac7a1c urmc-0bbf8416e2dffb4d5af60416f6e94ed5,1266,name
85620fb5-605b-4788-a1ef-d518156d0ec4,08fd0ad8-b8bd-4c6d-a1bf-c381dbe24b4d,53,"{'nluEngineVersion': '9fa39a7450e451c50af6cd065449a16961ff1eff urmc-0bbf8416e2dffb4d5af60416f6e94ed5', 'requestLatency': 172, 'type': 'name'}",6706914e9a99212463cd5f22,2024-10-09 17:21:02.151,DISAMBIGUATION_HINT,9fa39a7450e451c50af6cd065449a16961ff1eff urmc-0bbf8416e2dffb4d5af60416f6e94ed5,172,name
456219e6-98ae-42ec-9294-06576c993535,08fd0ad8-b8bd-4c6d-a1bf-c381dbe24b4d,65,"{'nluEngineVersion': 'e04547ebabc1ce823670359ac9eb2f882eac7a1c urmc-0bbf8416e2dffb4d5af60416f6e94ed5', 'requestLatency': 232, 'type': 'name'}",6706c4957673c82f42773afb,2024-10-09 20:59:49.122,DISAMBIGUATION_HINT,e04547ebabc1ce823670359ac9eb2f882eac7a1c urmc-0bbf8416e2dffb4d5af60416f6e94ed5,232,name
0dfce152-cf44-4df1-8574-450a64972014,08fd0ad8-b8bd-4c6d-a1bf-c381dbe24b4d,53,"{'nluEngineVersion': '65d388268f9c81a5fb065f9cf8445d04396053ce urmc-480f4182e6c89e0232888471a5937803', 'requestLatency': 241, 'type': 'name'}",6700120c55f202ce26219347,2024-10-04 19:04:28.643,DISAMBIGUATION_HINT,65d388268f9c81a5fb065f9cf8445d04396053ce urmc-480f4182e6c89e0232888471a5937803,241,name
47db429f-a6dd-43c9-b15f-fd6152d7980a,08fd0ad8-b8bd-4c6d-a1bf-c381dbe24b4d,64,"{'nluEngineVersion': '65d388268f9c81a5fb065f9cf8445d04396053ce urmc-480f4182e6c89e0232888471a5937803', 'requestLatency': 562, 'type': 'name'}",6700341cda6a1c14832382e3,2024-10-04 21:29:48.356,DISAMBIGUATION_HINT,65d388268f9c81a5fb065f9cf8445d04396053ce urmc-480f4182e6c89e0232888471a5937803,562,name
85fc1a40-5a42-44de-b182-79a4f17a2ee5,08fd0ad8-b8bd-4c6d-a1bf-c381dbe24b4d,47,"{'nluEngineVersion': '65d388268f9c81a5fb065f9cf8445d04396053ce urmc-6a3114572dffb9b823623fc3281cb224', 'requestLatency': 334, 'type': 'name'}",66fd9fa44a29b75ae49b0bb6,2024-10-02 22:31:48.878,DISAMBIGUATION_HINT,65d388268f9c81a5fb065f9cf8445d04396053ce urmc-6a3114572dffb9b823623fc3281cb224,334,name
618887fa-46c0-4f2c-930e-9e236f40a7a3,08fd0ad8-b8bd-4c6d-a1bf-c381dbe24b4d,46,"{'nluEngineVersion': '65d388268f9c81a5fb065f9cf8445d04396053ce urmc-480f4182e6c89e0232888471a5937803', 'requestLatency': 673, 'type': 'name'}",6700043dda6a1c148320d3df,2024-10-04 18:05:33.296,DISAMBIGUATION_HINT,65d388268f9c81a5fb065f9cf8445d04396053ce urmc-480f4182e6c89e0232888471a5937803,673,name
5fb8d3c9-2e83-47b8-8e83-197f43011b23,08fd0ad8-b8bd-4c6d-a1bf-c381dbe24b4d,81,"{'nluEngineVersion': '65d388268f9c81a5fb065f9cf8445d04396053ce urmc-480f4182e6c89e0232888471a5937803', 'requestLatency': 249, 'type': 'name'}",6700155dfd4c301deb1b58af,2024-10-04 19:18:37.275,DISAMBIGUATION_HINT,65d388268f9c81a5fb065f9cf8445d04396053ce urmc-480f4182e6c89e0232888471a5937803,249,name
4bcc1275-cfd7-4f94-ae3e-5b91a50350c2,08fd0ad8-b8bd-4c6d-a1bf-c381dbe24b4d,50,"{'nluEngineVersion': '65d388268f9c81a5fb065f9cf8445d04396053ce urmc-6a3114572dffb9b823623fc3281cb224', 'requestLatency': 646, 'type': 'name'}",66fd90e455f202ce2606b72d,2024-10-02 21:28:52.402,DISAMBIGUATION_HINT,65d388268f9c81a5fb065f9cf8445d04396053ce urmc-6a3114572dffb9b823623fc3281cb224,646,name
8901081c-446c-440f-897f-93929f9e4813,08fd0ad8-b8bd-4c6d-a1bf-c381dbe24b4d,94,"{'nluEngineVersion': '65d388268f9c81a5fb065f9cf8445d04396053ce urmc-6a3114572dffb9b823623fc3281cb224', 'requestLatency': 336, 'type': 'name'}",66fd9d8c4a29b75ae49aef31,2024-10-02 22:22:52.894,DISAMBIGUATION_HINT,65d388268f9c81a5fb065f9cf8445d04396053ce urmc-6a3114572dffb9b823623fc3281cb224,336,name
4fc4b1e3-0388-476a-87d4-925fdf22c23f,08fd0ad8-b8bd-4c6d-a1bf-c381dbe24b4d,65,"{'nluEngineVersion': '65d388268f9c81a5fb065f9cf8445d04396053ce urmc-6a3114572dffb9b823623fc3281cb224', 'requestLatency': 480, 'type': 'name'}",66fd9ebe55f202ce26075d3c,2024-10-02 22:27:58.727,DISAMBIGUATION_HINT,65d388268f9c81a5fb065f9cf8445d04396053ce urmc-6a3114572dffb9b823623fc3281cb224,480,name
2a19d0a2-65ad-4ea9-b72d-41f491995897,08fd0ad8-b8bd-4c6d-a1bf-c381dbe24b4d,57,"{'nluEngineVersion': '65d388268f9c81a5fb065f9cf8445d04396053ce urmc-f8af18fcbc10a021a6068c79edd3e93f', 'requestLatency': 286, 'type': 'name'}",66fd534d55f202ce2603403e,2024-10-02 17:06:05.022,DISAMBIGUATION_HINT,65d388268f9c81a5fb065f9cf8445d04396053ce urmc-f8af18fcbc10a021a6068c79edd3e93f,286,name
0cf3f2b5-a7a0-499c-a1d8-f47936eae0c9,08fd0ad8-b8bd-4c6d-a1bf-c381dbe24b4d,78,"{'nluEngineVersion': '65d388268f9c81a5fb065f9cf8445d04396053ce urmc-f8af18fcbc10a021a6068c79edd3e93f', 'requestLatency': 271, 'type': 'name'}",66fd742a55f202ce26052efa,2024-10-02 19:26:18.330,DISAMBIGUATION_HINT,65d388268f9c81a5fb065f9cf8445d04396053ce urmc-f8af18fcbc10a021a6068c79edd3e93f,271,name
03e5298e-1c3f-443c-91e6-0e124a883c85,08fd0ad8-b8bd-4c6d-a1bf-c381dbe24b4d,62,"{'nluEngineVersion': '65d388268f9c81a5fb065f9cf8445d04396053ce urmc-6a3114572dffb9b823623fc3281cb224', 'requestLatency': 450, 'type': 'name'}",66fd8e5a55f202ce2606934d,2024-10-02 21:18:02.027,DISAMBIGUATION_HINT,65d388268f9c81a5fb065f9cf8445d04396053ce urmc-6a3114572dffb9b823623fc3281cb224,450,name
018fca22-1115-4e34-bea5-c8e4c7b7b7c7,08fd0ad8-b8bd-4c6d-a1bf-c381dbe24b4d,148,"{'nluEngineVersion': 'e1540ef6ef90a451708d44b77b7f914b18c92060 urmc-5acc02dcce4ca96fa36dc5578ebacdc1', 'requestLatency': 319, 'type': 'name'}",67081b9d8529bdd2887d0d27,2024-10-10 21:23:25.020,DISAMBIGUATION_HINT,e1540ef6ef90a451708d44b77b7f914b18c92060 urmc-5acc02dcce4ca96fa36dc5578ebacdc1,319,name
6de42711-f810-41bd-aa0d-6d4acf9d6b49,08fd0ad8-b8bd-4c6d-a1bf-c381dbe24b4d,46,"{'nluEngineVersion': 'e1540ef6ef90a451708d44b77b7f914b18c92060 urmc-5acc02dcce4ca96fa36dc5578ebacdc1', 'requestLatency': 337, 'type': 'name'}",67082aee8529bdd2887de1ce,2024-10-10 22:28:46.986,DISAMBIGUATION_HINT,e1540ef6ef90a451708d44b77b7f914b18c92060 urmc-5acc02dcce4ca96fa36dc5578ebacdc1,337,name
f31ef72a-ca89-4069-aafc-d2fad1072a55,08fd0ad8-b8bd-4c6d-a1bf-c381dbe24b4d,47,"{'nluEngineVersion': 'e1540ef6ef90a451708d44b77b7f914b18c92060 urmc-5acc02dcce4ca96fa36dc5578ebacdc1', 'requestLatency': 556, 'type': 'name'}",67082a738529bdd2887ddb5b,2024-10-10 22:26:43.860,DISAMBIGUATION_HINT,e1540ef6ef90a451708d44b77b7f914b18c92060 urmc-5acc02dcce4ca96fa36dc5578ebacdc1,556,name
0248ab1e-2f61-4d2e-98e3-6e12c390a1b5,08fd0ad8-b8bd-4c6d-a1bf-c381dbe24b4d,55,"{'nluEngineVersion': '65d388268f9c81a5fb065f9cf8445d04396053ce urmc-6d31e9428cd30eafb7aedfca66870d2b', 'requestLatency': 738, 'type': 'name'}",66fe96fd9aed72ff52480830,2024-10-03 16:07:09.570,DISAMBIGUATION_HINT,65d388268f9c81a5fb065f9cf8445d04396053ce urmc-6d31e9428cd30eafb7aedfca66870d2b,738,name
0b0fb89d-096b-40ed-9f31-0853911d581c,08fd0ad8-b8bd-4c6d-a1bf-c381dbe24b4d,95,"{'nluEngineVersion': '65d388268f9c81a5fb065f9cf8445d04396053ce urmc-6d31e9428cd30eafb7aedfca66870d2b', 'requestLatency': 1148, 'type': 'name'}",66fecebf55f202ce26139bc5,2024-10-03 20:05:03.531,DISAMBIGUATION_HINT,65d388268f9c81a5fb065f9cf8445d04396053ce urmc-6d31e9428cd30eafb7aedfca66870d2b,1148,name
e1796081-5ed6-474d-8588-ef372e1bb819,08fd0ad8-b8bd-4c6d-a1bf-c381dbe24b4d,53,"{'nluEngineVersion': '65d388268f9c81a5fb065f9cf8445d04396053ce urmc-480f4182e6c89e0232888471a5937803', 'requestLatency': 241, 'type': 'name'}",67003290da6a1c1483236ec1,2024-10-04 21:23:12.142,DISAMBIGUATION_HINT,65d388268f9c81a5fb065f9cf8445d04396053ce urmc-480f4182e6c89e0232888471a5937803,241,name
7c834aef-a05a-4c73-8d71-4ff7ac271019,08fd0ad8-b8bd-4c6d-a1bf-c381dbe24b4d,85,"{'nluEngineVersion': 'bf0fa48f613fdf0b2793c9372faf42e8bb3aa883 urmc-89d910f65fcc8f771e58593cb7e0ce9d', 'requestLatency': 222, 'type': 'name'}",670d4b0a881e9aad8ce3d19c,2024-10-14 19:47:06.863,DISAMBIGUATION_HINT,bf0fa48f613fdf0b2793c9372faf42e8bb3aa883 urmc-89d910f65fcc8f771e58593cb7e0ce9d,222,name
8af9c7d6-87a4-4d35-87e8-51fb1d41c1d1,08fd0ad8-b8bd-4c6d-a1bf-c381dbe24b4d,93,"{'nluEngineVersion': 'e1540ef6ef90a451708d44b77b7f914b18c92060 urmc-5acc02dcce4ca96fa36dc5578ebacdc1', 'requestLatency': 472, 'type': 'name'}",670821ee8529bdd2887d64d8,2024-10-10 21:50:22.818,DISAMBIGUATION_HINT,e1540ef6ef90a451708d44b77b7f914b18c92060 urmc-5acc02dcce4ca96fa36dc5578ebacdc1,472,name
974358d4-8741-4d5d-9d4d-ff387cf95fe6,08fd0ad8-b8bd-4c6d-a1bf-c381dbe24b4d,47,"{'nluEngineVersion': '65d388268f9c81a5fb065f9cf8445d04396053ce urmc-f8af18fcbc10a021a6068c79edd3e93f', 'requestLatency': 464, 'type': 'name'}",66fc544955f202ce26fa97e0,2024-10-01 22:58:01.341,DISAMBIGUATION_HINT,65d388268f9c81a5fb065f9cf8445d04396053ce urmc-f8af18fcbc10a021a6068c79edd3e93f,464,name
9c2611e2-7da9-4699-b8a9-756b50ce6f48,08fd0ad8-b8bd-4c6d-a1bf-c381dbe24b4d,60,"{'nluEngineVersion': '65d388268f9c81a5fb065f9cf8445d04396053ce urmc-f8af18fcbc10a021a6068c79edd3e93f', 'requestLatency': 388, 'type': 'name'}",66fc5221ce37c378347d69a1,2024-10-01 22:48:49.275,DISAMBIGUATION_HINT,65d388268f9c81a5fb065f9cf8445d04396053ce urmc-f8af18fcbc10a021a6068c79edd3e93f,388,name
e2edac63-0b5e-47aa-ba2b-00175cea5171,08fd0ad8-b8bd-4c6d-a1bf-c381dbe24b4d,55,"{'nluEngineVersion': '994728dac64a817fed0f861790cb68161d62463e urmc-5045c59462abcdbf1dd96474e081c41b', 'requestLatency': 426, 'type': 'name'}",66fc234e55f202ce26f7ef75,2024-10-01 19:29:02.127,DISAMBIGUATION_HINT,994728dac64a817fed0f861790cb68161d62463e urmc-5045c59462abcdbf1dd96474e081c41b,426,name
0d7ccf85-ee2a-4b6c-ba8f-20f2de4ec192,08fd0ad8-b8bd-4c6d-a1bf-c381dbe24b4d,66,"{'nluEngineVersion': '994728dac64a817fed0f861790cb68161d62463e urmc-9e92385eca986a968c0ca3e707e0274a', 'requestLatency': 426, 'type': 'name'}",66fbfe5355f202ce26f593f3,2024-10-01 16:51:15.114,DISAMBIGUATION_HINT,994728dac64a817fed0f861790cb68161d62463e urmc-9e92385eca986a968c0ca3e707e0274a,426,name
e3b2ae20-dc1e-40b1-b49f-bf5836299103,08fd0ad8-b8bd-4c6d-a1bf-c381dbe24b4d,46,"{'nluEngineVersion': 'a6f109567b9d330e351f52437db72c06ebe694f2 urmc-f95578ec092932482f95a0d3fdaedaa8', 'requestLatency': 754, 'type': 'name'}",670564d34f3c05168c78845a,2024-10-08 19:58:59.292,DISAMBIGUATION_HINT,a6f109567b9d330e351f52437db72c06ebe694f2 urmc-f95578ec092932482f95a0d3fdaedaa8,754,name
a633bccd-020d-49e0-a9e1-ecae9edbc636,08fd0ad8-b8bd-4c6d-a1bf-c381dbe24b4d,56,"{'nluEngineVersion': '8307155cd3fb198077acd99ef4a2e834c23ed71f urmc-89d910f65fcc8f771e58593cb7e0ce9d', 'requestLatency': 438, 'type': 'name'}",670d5df114519701d62fba65,2024-10-14 21:07:45.779,DISAMBIGUATION_HINT,8307155cd3fb198077acd99ef4a2e834c23ed71f urmc-89d910f65fcc8f771e58593cb7e0ce9d,438,name
297cd602-750c-4e14-a3f1-9e58e4465c00,08fd0ad8-b8bd-4c6d-a1bf-c381dbe24b4d,55,"{'nluEngineVersion': 'bf0fa48f613fdf0b2793c9372faf42e8bb3aa883 urmc-89d910f65fcc8f771e58593cb7e0ce9d', 'requestLatency': 405, 'type': 'name'}",670d3afe881e9aad8ce2f776,2024-10-14 18:38:38.098,DISAMBIGUATION_HINT,bf0fa48f613fdf0b2793c9372faf42e8bb3aa883 urmc-89d910f65fcc8f771e58593cb7e0ce9d,405,name
f85f1edc-5df4-4f13-9e50-d7cb04fdf082,08fd0ad8-b8bd-4c6d-a1bf-c381dbe24b4d,46,"{'nluEngineVersion': 'bf0fa48f613fdf0b2793c9372faf42e8bb3aa883 urmc-89d910f65fcc8f771e58593cb7e0ce9d', 'requestLatency': 543, 'type': 'name'}",670d267a881e9aad8ce1aeca,2024-10-14 17:11:06.058,DISAMBIGUATION_HINT,bf0fa48f613fdf0b2793c9372faf42e8bb3aa883 urmc-89d910f65fcc8f771e58593cb7e0ce9d,543,name
c79a9c43-a606-4edb-841f-6c7a953c1199,08fd0ad8-b8bd-4c6d-a1bf-c381dbe24b4d,56,"{'nluEngineVersion': 'bf0fa48f613fdf0b2793c9372faf42e8bb3aa883 urmc-89d910f65fcc8f771e58593cb7e0ce9d', 'requestLatency': 235, 'type': 'name'}",670d46d6881e9aad8ce39854,2024-10-14 19:29:10.894,DISAMBIGUATION_HINT,bf0fa48f613fdf0b2793c9372faf42e8bb3aa883 urmc-89d910f65fcc8f771e58593cb7e0ce9d,235,name
1666d847-1a6e-4063-b306-159352386344,08fd0ad8-b8bd-4c6d-a1bf-c381dbe24b4d,59,"{'nluEngineVersion': '65d388268f9c81a5fb065f9cf8445d04396053ce urmc-f8af18fcbc10a021a6068c79edd3e93f', 'requestLatency': 576, 'type': 'name'}",66fc4f48f5f972a5bee7d778,2024-10-01 22:36:40.522,DISAMBIGUATION_HINT,65d388268f9c81a5fb065f9cf8445d04396053ce urmc-f8af18fcbc10a021a6068c79edd3e93f,576,name
2976cc9b-7d9a-4736-bc0a-ec49866965b7,08fd0ad8-b8bd-4c6d-a1bf-c381dbe24b4d,55,"{'nluEngineVersion': '2e1507ce847342e9c6b49a2a855bd4def47b8a06 urmc-9e92385eca986a968c0ca3e707e0274a', 'requestLatency': 429, 'type': 'name'}",66fbea0ece37c3783476c62e,2024-10-01 15:24:46.196,DISAMBIGUATION_HINT,2e1507ce847342e9c6b49a2a855bd4def47b8a06 urmc-9e92385eca986a968c0ca3e707e0274a,429,name
9760ab45-4366-40c1-8383-362b95d5a108,08fd0ad8-b8bd-4c6d-a1bf-c381dbe24b4d,55,"{'nluEngineVersion': '994728dac64a817fed0f861790cb68161d62463e urmc-5045c59462abcdbf1dd96474e081c41b', 'requestLatency': 468, 'type': 'name'}",66fc0b7955f202ce26f689b6,2024-10-01 17:47:21.986,DISAMBIGUATION_HINT,994728dac64a817fed0f861790cb68161d62463e urmc-5045c59462abcdbf1dd96474e081c41b,468,name
02ab6f8d-23e3-4ffc-a1c8-2f75baac3101,08fd0ad8-b8bd-4c6d-a1bf-c381dbe24b4d,60,"{'nluEngineVersion': '65d388268f9c81a5fb065f9cf8445d04396053ce urmc-f8af18fcbc10a021a6068c79edd3e93f', 'requestLatency': 604, 'type': 'name'}",66fc515055f202ce26fa7155,2024-10-01 22:45:20.640,DISAMBIGUATION_HINT,65d388268f9c81a5fb065f9cf8445d04396053ce urmc-f8af18fcbc10a021a6068c79edd3e93f,604,name
35d2620a-aa32-4f2d-b018-576b5a0f7de1,08fd0ad8-b8bd-4c6d-a1bf-c381dbe24b4d,47,"{'nluEngineVersion': '7d76806dacd9022f43205c499f77a1529744b90b urmc-f6abf1135b374ee1def31fd3efc6e049', 'requestLatency': 615, 'type': 'name'}",6703db56ce37c37834ceb2f3,2024-10-07 16:00:06.364,DISAMBIGUATION_HINT,7d76806dacd9022f43205c499f77a1529744b90b urmc-f6abf1135b374ee1def31fd3efc6e049,615,name
2e0160c9-3df3-4f15-ba4c-d2c9efc0a881,08fd0ad8-b8bd-4c6d-a1bf-c381dbe24b4d,56,"{'nluEngineVersion': 'f5a10b14fec038fdf643d891591f0686cac51771 urmc-169973b677a1a13aeec39e84f4b2807a', 'requestLatency': 632, 'type': 'name'}",6703f70f00ab2c30dea89f0f,2024-10-07 17:58:23.732,DISAMBIGUATION_HINT,f5a10b14fec038fdf643d891591f0686cac51771 urmc-169973b677a1a13aeec39e84f4b2807a,632,name
2e0160c9-3df3-4f15-ba4c-d2c9efc0a881,08fd0ad8-b8bd-4c6d-a1bf-c381dbe24b4d,170,"{'nluEngineVersion': 'f5a10b14fec038fdf643d891591f0686cac51771 urmc-169973b677a1a13aeec39e84f4b2807a', 'requestLatency': 352, 'type': 'name'}",6703f8fa00ab2c30dea8ba05,2024-10-07 18:06:34.934,DISAMBIGUATION_HINT,f5a10b14fec038fdf643d891591f0686cac51771 urmc-169973b677a1a13aeec39e84f4b2807a,352,name
f8e1fda0-5070-42c8-b5bb-2288d7b345e7,08fd0ad8-b8bd-4c6d-a1bf-c381dbe24b4d,59,"{'nluEngineVersion': 'd19ace2641a995554c48700cbecb9ca30b97477f urmc-169973b677a1a13aeec39e84f4b2807a', 'requestLatency': 641, 'type': 'name'}",670424c755f202ce26476c21,2024-10-07 21:13:27.960,DISAMBIGUATION_HINT,d19ace2641a995554c48700cbecb9ca30b97477f urmc-169973b677a1a13aeec39e84f4b2807a,641,name
dde21e51-da50-40f1-8e97-308e52e1df9f,08fd0ad8-b8bd-4c6d-a1bf-c381dbe24b4d,99,"{'nluEngineVersion': 'f5a10b14fec038fdf643d891591f0686cac51771 urmc-169973b677a1a13aeec39e84f4b2807a', 'requestLatency': 399, 'type': 'name'}",67041638ce37c37834d22e28,2024-10-07 20:11:20.089,DISAMBIGUATION_HINT,f5a10b14fec038fdf643d891591f0686cac51771 urmc-169973b677a1a13aeec39e84f4b2807a,399,name
3223cf35-c71d-4fe3-b9c1-68872df9ab96,08fd0ad8-b8bd-4c6d-a1bf-c381dbe24b4d,71,"{'nluEngineVersion': 'f5a10b14fec038fdf643d891591f0686cac51771 urmc-169973b677a1a13aeec39e84f4b2807a', 'requestLatency': 496, 'type': 'name'}",6703fe7ece37c37834d0dd58,2024-10-07 18:30:06.149,DISAMBIGUATION_HINT,f5a10b14fec038fdf643d891591f0686cac51771 urmc-169973b677a1a13aeec39e84f4b2807a,496,name
80d00fe3-b19d-4102-98d9-0256c16ed540,08fd0ad8-b8bd-4c6d-a1bf-c381dbe24b4d,65,"{'nluEngineVersion': '7d76806dacd9022f43205c499f77a1529744b90b urmc-f6abf1135b374ee1def31fd3efc6e049', 'requestLatency': 715, 'type': 'name'}",6703d035ce37c37834ce2000,2024-10-07 15:12:37.947,DISAMBIGUATION_HINT,7d76806dacd9022f43205c499f77a1529744b90b urmc-f6abf1135b374ee1def31fd3efc6e049,715,name
fd75fe86-b7b4-47aa-a62c-5c0d61a5bf6e,08fd0ad8-b8bd-4c6d-a1bf-c381dbe24b4d,97,"{'nluEngineVersion': 'd19ace2641a995554c48700cbecb9ca30b97477f urmc-169973b677a1a13aeec39e84f4b2807a', 'requestLatency': 170, 'type': 'name'}",67042bd2ce37c37834d36007,2024-10-07 21:43:30.994,DISAMBIGUATION_HINT,d19ace2641a995554c48700cbecb9ca30b97477f urmc-169973b677a1a13aeec39e84f4b2807a,170,name
300648c3-de1b-4612-a42a-9b78bba021aa,08fd0ad8-b8bd-4c6d-a1bf-c381dbe24b4d,55,"{'nluEngineVersion': 'd19ace2641a995554c48700cbecb9ca30b97477f urmc-169973b677a1a13aeec39e84f4b2807a', 'requestLatency': 191, 'type': 'name'}",67043099dd018676c742e8ab,2024-10-07 22:03:53.111,DISAMBIGUATION_HINT,d19ace2641a995554c48700cbecb9ca30b97477f urmc-169973b677a1a13aeec39e84f4b2807a,191,name
5d2a65b9-54d5-4e04-b044-850cafd46e85,08fd0ad8-b8bd-4c6d-a1bf-c381dbe24b4d,59,"{'nluEngineVersion': '7d76806dacd9022f43205c499f77a1529744b90b urmc-169973b677a1a13aeec39e84f4b2807a', 'requestLatency': 972, 'type': 'name'}",6703e9fa55f202ce26442665,2024-10-07 17:02:34.320,DISAMBIGUATION_HINT,7d76806dacd9022f43205c499f77a1529744b90b urmc-169973b677a1a13aeec39e84f4b2807a,972,name
d83e8d32-9190-42b7-ae09-3b46ab5f9294,08fd0ad8-b8bd-4c6d-a1bf-c381dbe24b4d,46,"{'nluEngineVersion': '7d76806dacd9022f43205c499f77a1529744b90b urmc-169973b677a1a13aeec39e84f4b2807a', 'requestLatency': 288, 'type': 'name'}",6703f077dd018676c73f61c3,2024-10-07 17:30:15.363,DISAMBIGUATION_HINT,7d76806dacd9022f43205c499f77a1529744b90b urmc-169973b677a1a13aeec39e84f4b2807a,288,name
adea2aec-a361-46f1-91fe-73c86591bd14,08fd0ad8-b8bd-4c6d-a1bf-c381dbe24b4d,55,"{'nluEngineVersion': 'f5a10b14fec038fdf643d891591f0686cac51771 urmc-169973b677a1a13aeec39e84f4b2807a', 'requestLatency': 256, 'type': 'name'}",6704149555f202ce264692a1,2024-10-07 20:04:21.746,DISAMBIGUATION_HINT,f5a10b14fec038fdf643d891591f0686cac51771 urmc-169973b677a1a13aeec39e84f4b2807a,256,name
e69c48f8-0692-4116-86c5-00f0b4077e1f,08fd0ad8-b8bd-4c6d-a1bf-c381dbe24b4d,53,"{'nluEngineVersion': 'bf0fa48f613fdf0b2793c9372faf42e8bb3aa883 urmc-89d910f65fcc8f771e58593cb7e0ce9d', 'requestLatency': 207, 'type': 'name'}",670d515a881e9aad8ce4248f,2024-10-14 20:14:02.921,DISAMBIGUATION_HINT,bf0fa48f613fdf0b2793c9372faf42e8bb3aa883 urmc-89d910f65fcc8f771e58593cb7e0ce9d,207,name
531d8138-9ea7-4373-9ea6-1a48bf5e60ef,08fd0ad8-b8bd-4c6d-a1bf-c381dbe24b4d,71,"{'nluEngineVersion': '65d388268f9c81a5fb065f9cf8445d04396053ce urmc-6a3114572dffb9b823623fc3281cb224', 'requestLatency': 237, 'type': 'name'}",66fd953455f202ce2606e845,2024-10-02 21:47:16.720,DISAMBIGUATION_HINT,65d388268f9c81a5fb065f9cf8445d04396053ce urmc-6a3114572dffb9b823623fc3281cb224,237,name
9a9df2d4-579d-44e7-85b2-bf145ef41226,08fd0ad8-b8bd-4c6d-a1bf-c381dbe24b4d,191,"{'nluEngineVersion': '65d388268f9c81a5fb065f9cf8445d04396053ce urmc-f8af18fcbc10a021a6068c79edd3e93f', 'requestLatency': 402, 'type': 'name'}",66fd72b84a29b75ae498c53b,2024-10-02 19:20:08.307,DISAMBIGUATION_HINT,65d388268f9c81a5fb065f9cf8445d04396053ce urmc-f8af18fcbc10a021a6068c79edd3e93f,402,name
0d6d27ef-c591-4c4a-91fd-654092577cae,08fd0ad8-b8bd-4c6d-a1bf-c381dbe24b4d,81,"{'nluEngineVersion': 'bf0fa48f613fdf0b2793c9372faf42e8bb3aa883 urmc-89d910f65fcc8f771e58593cb7e0ce9d', 'requestLatency': 340, 'type': 'name'}",670d49c58790e7f88c2758fa,2024-10-14 19:41:41.931,DISAMBIGUATION_HINT,bf0fa48f613fdf0b2793c9372faf42e8bb3aa883 urmc-89d910f65fcc8f771e58593cb7e0ce9d,340,name
acfe2922-4449-4367-81b6-6a2b55a72e29,08fd0ad8-b8bd-4c6d-a1bf-c381dbe24b4d,61,"{'nluEngineVersion': 'bf0fa48f613fdf0b2793c9372faf42e8bb3aa883 urmc-89d910f65fcc8f771e58593cb7e0ce9d', 'requestLatency': 241, 'type': 'name'}",670d46bb8790e7f88c27307e,2024-10-14 19:28:43.530,DISAMBIGUATION_HINT,bf0fa48f613fdf0b2793c9372faf42e8bb3aa883 urmc-89d910f65fcc8f771e58593cb7e0ce9d,241,name
67d55272-7a89-478a-8104-40f533d9321d,08fd0ad8-b8bd-4c6d-a1bf-c381dbe24b4d,46,"{'nluEngineVersion': '0668b4298420020a85dadd5a28482c463c374e23 urmc-d7b76ab58052fc65932cbb27caa4ced2', 'requestLatency': 368, 'type': 'name'}",670ea73ec6d56ea4415eba10,2024-10-15 20:32:46.541,DISAMBIGUATION_HINT,0668b4298420020a85dadd5a28482c463c374e23 urmc-d7b76ab58052fc65932cbb27caa4ced2,368,name
42f90345-2fd6-4c99-8ea8-28175bbf03c6,08fd0ad8-b8bd-4c6d-a1bf-c381dbe24b4d,49,"{'nluEngineVersion': '0668b4298420020a85dadd5a28482c463c374e23 urmc-d7b76ab58052fc65932cbb27caa4ced2', 'requestLatency': 597, 'type': 'name'}",670e733f8529bdd288bb96ba,2024-10-15 16:50:55.563,DISAMBIGUATION_HINT,0668b4298420020a85dadd5a28482c463c374e23 urmc-d7b76ab58052fc65932cbb27caa4ced2,597,name
cc946338-834b-4acc-99c0-16d533479445,08fd0ad8-b8bd-4c6d-a1bf-c381dbe24b4d,46,"{'nluEngineVersion': '0668b4298420020a85dadd5a28482c463c374e23 urmc-d7b76ab58052fc65932cbb27caa4ced2', 'requestLatency': 333, 'type': 'name'}",670ea305c6d56ea4415e7358,2024-10-15 20:14:45.511,DISAMBIGUATION_HINT,0668b4298420020a85dadd5a28482c463c374e23 urmc-d7b76ab58052fc65932cbb27caa4ced2,333,name
9a1d2109-189a-45b4-acaf-b5cfbf3d9b1f,08fd0ad8-b8bd-4c6d-a1bf-c381dbe24b4d,47,"{'nluEngineVersion': '6ea939c99252fd8d2b84582660f85fe69c4a6877 urmc-d7b76ab58052fc65932cbb27caa4ced2', 'requestLatency': 889, 'type': 'name'}",670ebbbac6d56ea4415fce8c,2024-10-15 22:00:10.395,DISAMBIGUATION_HINT,6ea939c99252fd8d2b84582660f85fe69c4a6877 urmc-d7b76ab58052fc65932cbb27caa4ced2,889,name
be6a22e7-3d06-4237-afce-c3ea88c1c466,08fd0ad8-b8bd-4c6d-a1bf-c381dbe24b4d,54,"{'nluEngineVersion': '6ea939c99252fd8d2b84582660f85fe69c4a6877 urmc-d7b76ab58052fc65932cbb27caa4ced2', 'requestLatency': 194, 'type': 'name'}",670ec6f14031c12e658e6c8e,2024-10-15 22:48:01.405,DISAMBIGUATION_HINT,6ea939c99252fd8d2b84582660f85fe69c4a6877 urmc-d7b76ab58052fc65932cbb27caa4ced2,194,name
b5199ff7-d026-4679-aaf5-694b6c598d9f,08fd0ad8-b8bd-4c6d-a1bf-c381dbe24b4d,109,"{'nluEngineVersion': '0668b4298420020a85dadd5a28482c463c374e23 urmc-d7b76ab58052fc65932cbb27caa4ced2', 'requestLatency': 445, 'type': 'name'}",670e85d7c6d56ea4415cba4f,2024-10-15 18:10:15.177,DISAMBIGUATION_HINT,0668b4298420020a85dadd5a28482c463c374e23 urmc-d7b76ab58052fc65932cbb27caa4ced2,445,name
f9025793-df3c-4d4e-b9ed-2dd15a337251,08fd0ad8-b8bd-4c6d-a1bf-c381dbe24b4d,52,"{'nluEngineVersion': 'a6f109567b9d330e351f52437db72c06ebe694f2 urmc-f95578ec092932482f95a0d3fdaedaa8', 'requestLatency': 436, 'type': 'name'}",67054b144f3c05168c76e4f0,2024-10-08 18:09:08.241,DISAMBIGUATION_HINT,a6f109567b9d330e351f52437db72c06ebe694f2 urmc-f95578ec092932482f95a0d3fdaedaa8,436,name
3e7519e6-f5ad-4c54-81c8-8fc6ddc3dd1d,08fd0ad8-b8bd-4c6d-a1bf-c381dbe24b4d,69,"{'nluEngineVersion': 'a6f109567b9d330e351f52437db72c06ebe694f2 urmc-f95578ec092932482f95a0d3fdaedaa8', 'requestLatency': 279, 'type': 'name'}",670553447673c82f42662173,2024-10-08 18:44:04.525,DISAMBIGUATION_HINT,a6f109567b9d330e351f52437db72c06ebe694f2 urmc-f95578ec092932482f95a0d3fdaedaa8,279,name
8a0cda1f-5b2f-4ca5-80b6-b6af3f19b1c3,08fd0ad8-b8bd-4c6d-a1bf-c381dbe24b4d,60,"{'nluEngineVersion': 'a6f109567b9d330e351f52437db72c06ebe694f2 urmc-f95578ec092932482f95a0d3fdaedaa8', 'requestLatency': 347, 'type': 'name'}",67054d0f14519701d6ddae4f,2024-10-08 18:17:35.642,DISAMBIGUATION_HINT,a6f109567b9d330e351f52437db72c06ebe694f2 urmc-f95578ec092932482f95a0d3fdaedaa8,347,name
30d5a0a2-6ab6-4bb9-9fd7-21df54c79301,08fd0ad8-b8bd-4c6d-a1bf-c381dbe24b4d,56,"{'nluEngineVersion': 'a6f109567b9d330e351f52437db72c06ebe694f2 urmc-f95578ec092932482f95a0d3fdaedaa8', 'requestLatency': 341, 'type': 'name'}",670575cd4f3c05168c7989b9,2024-10-08 21:11:25.040,DISAMBIGUATION_HINT,a6f109567b9d330e351f52437db72c06ebe694f2 urmc-f95578ec092932482f95a0d3fdaedaa8,341,name
db0e6c8a-410d-4b73-abbf-84d1f7cf141c,08fd0ad8-b8bd-4c6d-a1bf-c381dbe24b4d,53,"{'nluEngineVersion': 'a6f109567b9d330e351f52437db72c06ebe694f2 urmc-f95578ec092932482f95a0d3fdaedaa8', 'requestLatency': 228, 'type': 'name'}",670587400f278e6ab116fc6a,2024-10-08 22:25:52.922,DISAMBIGUATION_HINT,a6f109567b9d330e351f52437db72c06ebe694f2 urmc-f95578ec092932482f95a0d3fdaedaa8,228,name
09563bfb-8e66-4a75-8439-cdff94ef3afa,08fd0ad8-b8bd-4c6d-a1bf-c381dbe24b4d,123,"{'nluEngineVersion': 'a6f109567b9d330e351f52437db72c06ebe694f2 urmc-f95578ec092932482f95a0d3fdaedaa8', 'requestLatency': 389, 'type': 'name'}",670580087673c82f4268d5a6,2024-10-08 21:55:04.962,DISAMBIGUATION_HINT,a6f109567b9d330e351f52437db72c06ebe694f2 urmc-f95578ec092932482f95a0d3fdaedaa8,389,name
ff3bc71f-5103-4fb6-8e4d-720fda321e96,08fd0ad8-b8bd-4c6d-a1bf-c381dbe24b4d,59,"{'nluEngineVersion': 'a6f109567b9d330e351f52437db72c06ebe694f2 urmc-f95578ec092932482f95a0d3fdaedaa8', 'requestLatency': 239, 'type': 'name'}",67054c894f3c05168c76fee4,2024-10-08 18:15:21.268,DISAMBIGUATION_HINT,a6f109567b9d330e351f52437db72c06ebe694f2 urmc-f95578ec092932482f95a0d3fdaedaa8,239,name
0d856495-0e84-4650-afeb-62169821d435,08fd0ad8-b8bd-4c6d-a1bf-c381dbe24b4d,53,"{'nluEngineVersion': 'a6f109567b9d330e351f52437db72c06ebe694f2 urmc-f95578ec092932482f95a0d3fdaedaa8', 'requestLatency': 247, 'type': 'name'}",67056e7b7673c82f4267c927,2024-10-08 20:40:11.285,DISAMBIGUATION_HINT,a6f109567b9d330e351f52437db72c06ebe694f2 urmc-f95578ec092932482f95a0d3fdaedaa8,247,name
c6be77db-0c7f-43a7-8780-6d8ecb10e86b,08fd0ad8-b8bd-4c6d-a1bf-c381dbe24b4d,47,"{'nluEngineVersion': 'e04547ebabc1ce823670359ac9eb2f882eac7a1c urmc-0bbf8416e2dffb4d5af60416f6e94ed5', 'requestLatency': 378, 'type': 'name'}",6706d73514519701d6f02449,2024-10-09 22:19:17.373,DISAMBIGUATION_HINT,e04547ebabc1ce823670359ac9eb2f882eac7a1c urmc-0bbf8416e2dffb4d5af60416f6e94ed5,378,name
7824d52f-b8d4-4faf-9c0b-b4a4536affbf,08fd0ad8-b8bd-4c6d-a1bf-c381dbe24b4d,59,"{'nluEngineVersion': '9fa39a7450e451c50af6cd065449a16961ff1eff urmc-0bbf8416e2dffb4d5af60416f6e94ed5', 'requestLatency': 576, 'type': 'name'}",670679dd14519701d6ea7171,2024-10-09 15:41:01.743,DISAMBIGUATION_HINT,9fa39a7450e451c50af6cd065449a16961ff1eff urmc-0bbf8416e2dffb4d5af60416f6e94ed5,576,name
b0a095a0-9a72-4cdb-884d-c065eafb3a54,08fd0ad8-b8bd-4c6d-a1bf-c381dbe24b4d,88,"{'nluEngineVersion': '9fa39a7450e451c50af6cd065449a16961ff1eff urmc-0bbf8416e2dffb4d5af60416f6e94ed5', 'requestLatency': 341, 'type': 'name'}",670683677673c82f42731fa8,2024-10-09 16:21:43.814,DISAMBIGUATION_HINT,9fa39a7450e451c50af6cd065449a16961ff1eff urmc-0bbf8416e2dffb4d5af60416f6e94ed5,341,name
228212a6-56b6-4f69-8037-5b21e71124ac,08fd0ad8-b8bd-4c6d-a1bf-c381dbe24b4d,68,"{'nluEngineVersion': 'e04547ebabc1ce823670359ac9eb2f882eac7a1c urmc-0bbf8416e2dffb4d5af60416f6e94ed5', 'requestLatency': 248, 'type': 'name'}",6706cb719a99212463d12d5b,2024-10-09 21:29:05.809,DISAMBIGUATION_HINT,e04547ebabc1ce823670359ac9eb2f882eac7a1c urmc-0bbf8416e2dffb4d5af60416f6e94ed5,248,name
bd0f17f9-67bc-4f2f-bb5b-2b7aff5a957c,08fd0ad8-b8bd-4c6d-a1bf-c381dbe24b4d,46,"{'nluEngineVersion': '7c8aa7cf05639bb2edb7c225a6aa00c85537c812 urmc-b36d458c4b00d2be35abe2d4d99f8ef6', 'requestLatency': 373, 'type': 'name'}",670962da8b7dd681e934732f,2024-10-11 20:39:38.722,DISAMBIGUATION_HINT,7c8aa7cf05639bb2edb7c225a6aa00c85537c812 urmc-b36d458c4b00d2be35abe2d4d99f8ef6,373,name
16ebf895-cf39-4e99-bab2-595c640a12b9,08fd0ad8-b8bd-4c6d-a1bf-c381dbe24b4d,56,"{'nluEngineVersion': '65d388268f9c81a5fb065f9cf8445d04396053ce urmc-480f4182e6c89e0232888471a5937803', 'requestLatency': 222, 'type': 'name'}",67003e25da6a1c14832404d5,2024-10-04 22:12:37.750,DISAMBIGUATION_HINT,65d388268f9c81a5fb065f9cf8445d04396053ce urmc-480f4182e6c89e0232888471a5937803,222,name
23b6e26f-c93c-408b-8977-bc6cba8d5805,08fd0ad8-b8bd-4c6d-a1bf-c381dbe24b4d,105,"{'nluEngineVersion': '65d388268f9c81a5fb065f9cf8445d04396053ce urmc-480f4182e6c89e0232888471a5937803', 'requestLatency': 490, 'type': 'name'}",66fff7f2ce37c37834a80a50,2024-10-04 17:13:06.824,DISAMBIGUATION_HINT,65d388268f9c81a5fb065f9cf8445d04396053ce urmc-480f4182e6c89e0232888471a5937803,490,name
4bca2520-0c38-4b61-a01a-0fd0d7b1c173,08fd0ad8-b8bd-4c6d-a1bf-c381dbe24b4d,128,"{'nluEngineVersion': '65d388268f9c81a5fb065f9cf8445d04396053ce urmc-480f4182e6c89e0232888471a5937803', 'requestLatency': 483, 'type': 'name'}",67002cf7fd4c301deb1c9844,2024-10-04 20:59:19.723,DISAMBIGUATION_HINT,65d388268f9c81a5fb065f9cf8445d04396053ce urmc-480f4182e6c89e0232888471a5937803,483,name
