CONVERSATION_ID,ASSISTANT_ID,EVENT_POSITION,eventData,eventId,timestamp,typeOfEvent,nluEngineVersion,requestLatency,to
7cdfb076-b0d3-43e7-89ef-1313104f1bdb,08fd0ad8-b8bd-4c6d-a1bf-c381dbe24b4d,93,"{'nluEngineVersion': '9fa39a7450e451c50af6cd065449a16961ff1eff urmc-0bbf8416e2dffb4d5af60416f6e94ed5', 'requestLatency': 764, 'to': 'awsConnect'}",67067d797673c82f4272cb79,2024-10-09 15:56:25.552,HANDOFF,9fa39a7450e451c50af6cd065449a16961ff1eff urmc-0bbf8416e2dffb4d5af60416f6e94ed5,764,awsConnect
b4774e52-b5c9-4153-961e-0639d7a88142,08fd0ad8-b8bd-4c6d-a1bf-c381dbe24b4d,106,"{'nluEngineVersion': '9fa39a7450e451c50af6cd065449a16961ff1eff urmc-0bbf8416e2dffb4d5af60416f6e94ed5', 'requestLatency': 768, 'to': 'awsConnect'}",67067cd314519701d6ea97d3,2024-10-09 15:53:39.015,HANDOFF,9fa39a7450e451c50af6cd065449a16961ff1eff urmc-0bbf8416e2dffb4d5af60416f6e94ed5,768,awsConnect
85620fb5-605b-4788-a1ef-d518156d0ec4,08fd0ad8-b8bd-4c6d-a1bf-c381dbe24b4d,71,"{'nluEngineVersion': '9fa39a7450e451c50af6cd065449a16961ff1eff urmc-0bbf8416e2dffb4d5af60416f6e94ed5', 'requestLatency': 775, 'to': 'awsConnect'}",6706916e9a99212463cd61a8,2024-10-09 17:21:34.801,HANDOFF,9fa39a7450e451c50af6cd065449a16961ff1eff urmc-0bbf8416e2dffb4d5af60416f6e94ed5,775,awsConnect
456219e6-98ae-42ec-9294-06576c993535,08fd0ad8-b8bd-4c6d-a1bf-c381dbe24b4d,82,"{'nluEngineVersion': 'e04547ebabc1ce823670359ac9eb2f882eac7a1c urmc-0bbf8416e2dffb4d5af60416f6e94ed5', 'requestLatency': 924, 'to': 'awsConnect'}",6706c4ae7673c82f42773cb4,2024-10-09 21:00:14.778,HANDOFF,e04547ebabc1ce823670359ac9eb2f882eac7a1c urmc-0bbf8416e2dffb4d5af60416f6e94ed5,924,awsConnect
0dfce152-cf44-4df1-8574-450a64972014,08fd0ad8-b8bd-4c6d-a1bf-c381dbe24b4d,72,"{'nluEngineVersion': '65d388268f9c81a5fb065f9cf8445d04396053ce urmc-480f4182e6c89e0232888471a5937803', 'requestLatency': 761, 'to': 'awsConnect'}",6700121c55f202ce2621943c,2024-10-04 19:04:44.054,HANDOFF,65d388268f9c81a5fb065f9cf8445d04396053ce urmc-480f4182e6c89e0232888471a5937803,761,awsConnect
85fc1a40-5a42-44de-b182-79a4f17a2ee5,08fd0ad8-b8bd-4c6d-a1bf-c381dbe24b4d,64,"{'nluEngineVersion': '65d388268f9c81a5fb065f9cf8445d04396053ce urmc-6a3114572dffb9b823623fc3281cb224', 'requestLatency': 715, 'to': 'awsConnect'}",66fd9fb74a29b75ae49b0cba,2024-10-02 22:32:07.345,HANDOFF,65d388268f9c81a5fb065f9cf8445d04396053ce urmc-6a3114572dffb9b823623fc3281cb224,715,awsConnect
5fb8d3c9-2e83-47b8-8e83-197f43011b23,08fd0ad8-b8bd-4c6d-a1bf-c381dbe24b4d,107,"{'nluEngineVersion': '65d388268f9c81a5fb065f9cf8445d04396053ce urmc-480f4182e6c89e0232888471a5937803', 'requestLatency': 791, 'to': 'awsConnect'}",67001580fd4c301deb1b5a93,2024-10-04 19:19:12.078,HANDOFF,65d388268f9c81a5fb065f9cf8445d04396053ce urmc-480f4182e6c89e0232888471a5937803,791,awsConnect
4bcc1275-cfd7-4f94-ae3e-5b91a50350c2,08fd0ad8-b8bd-4c6d-a1bf-c381dbe24b4d,66,"{'nluEngineVersion': '65d388268f9c81a5fb065f9cf8445d04396053ce urmc-6a3114572dffb9b823623fc3281cb224', 'requestLatency': 1235, 'to': 'awsConnect'}",66fd90f755f202ce2606b848,2024-10-02 21:29:11.737,HANDOFF,65d388268f9c81a5fb065f9cf8445d04396053ce urmc-6a3114572dffb9b823623fc3281cb224,1235,awsConnect
8901081c-446c-440f-897f-93929f9e4813,08fd0ad8-b8bd-4c6d-a1bf-c381dbe24b4d,112,"{'nluEngineVersion': '65d388268f9c81a5fb065f9cf8445d04396053ce urmc-6a3114572dffb9b823623fc3281cb224', 'requestLatency': 412, 'to': 'awsConnect'}",66fd9d9a4a29b75ae49af015,2024-10-02 22:23:06.362,HANDOFF,65d388268f9c81a5fb065f9cf8445d04396053ce urmc-6a3114572dffb9b823623fc3281cb224,412,awsConnect
4fc4b1e3-0388-476a-87d4-925fdf22c23f,08fd0ad8-b8bd-4c6d-a1bf-c381dbe24b4d,82,"{'nluEngineVersion': '65d388268f9c81a5fb065f9cf8445d04396053ce urmc-6a3114572dffb9b823623fc3281cb224', 'requestLatency': 900, 'to': 'awsConnect'}",66fd9ed855f202ce26075edc,2024-10-02 22:28:24.830,HANDOFF,65d388268f9c81a5fb065f9cf8445d04396053ce urmc-6a3114572dffb9b823623fc3281cb224,900,awsConnect
2a19d0a2-65ad-4ea9-b72d-41f491995897,08fd0ad8-b8bd-4c6d-a1bf-c381dbe24b4d,74,"{'nluEngineVersion': '65d388268f9c81a5fb065f9cf8445d04396053ce urmc-f8af18fcbc10a021a6068c79edd3e93f', 'requestLatency': 832, 'to': 'awsConnect'}",66fd535e55f202ce260341ae,2024-10-02 17:06:22.482,HANDOFF,65d388268f9c81a5fb065f9cf8445d04396053ce urmc-f8af18fcbc10a021a6068c79edd3e93f,832,awsConnect
0cf3f2b5-a7a0-499c-a1d8-f47936eae0c9,08fd0ad8-b8bd-4c6d-a1bf-c381dbe24b4d,95,"{'nluEngineVersion': '65d388268f9c81a5fb065f9cf8445d04396053ce urmc-f8af18fcbc10a021a6068c79edd3e93f', 'requestLatency': 963, 'to': 'awsConnect'}",66fd743e55f202ce2605305f,2024-10-02 19:26:38.864,HANDOFF,65d388268f9c81a5fb065f9cf8445d04396053ce urmc-f8af18fcbc10a021a6068c79edd3e93f,963,awsConnect
03e5298e-1c3f-443c-91e6-0e124a883c85,08fd0ad8-b8bd-4c6d-a1bf-c381dbe24b4d,79,"{'nluEngineVersion': '65d388268f9c81a5fb065f9cf8445d04396053ce urmc-6a3114572dffb9b823623fc3281cb224', 'requestLatency': 825, 'to': 'awsConnect'}",66fd8e7055f202ce26069455,2024-10-02 21:18:24.775,HANDOFF,65d388268f9c81a5fb065f9cf8445d04396053ce urmc-6a3114572dffb9b823623fc3281cb224,825,awsConnect
018fca22-1115-4e34-bea5-c8e4c7b7b7c7,08fd0ad8-b8bd-4c6d-a1bf-c381dbe24b4d,167,"{'nluEngineVersion': 'e1540ef6ef90a451708d44b77b7f914b18c92060 urmc-5acc02dcce4ca96fa36dc5578ebacdc1', 'requestLatency': 937, 'to': 'awsConnect'}",67081bda8529bdd2887d10cf,2024-10-10 21:24:26.936,HANDOFF,e1540ef6ef90a451708d44b77b7f914b18c92060 urmc-5acc02dcce4ca96fa36dc5578ebacdc1,937,awsConnect
6de42711-f810-41bd-aa0d-6d4acf9d6b49,08fd0ad8-b8bd-4c6d-a1bf-c381dbe24b4d,65,"{'nluEngineVersion': 'e1540ef6ef90a451708d44b77b7f914b18c92060 urmc-5acc02dcce4ca96fa36dc5578ebacdc1', 'requestLatency': 875, 'to': 'awsConnect'}",67082b0f8529bdd2887de37f,2024-10-10 22:29:19.375,HANDOFF,e1540ef6ef90a451708d44b77b7f914b18c92060 urmc-5acc02dcce4ca96fa36dc5578ebacdc1,875,awsConnect
0248ab1e-2f61-4d2e-98e3-6e12c390a1b5,08fd0ad8-b8bd-4c6d-a1bf-c381dbe24b4d,72,"{'nluEngineVersion': '65d388268f9c81a5fb065f9cf8445d04396053ce urmc-6d31e9428cd30eafb7aedfca66870d2b', 'requestLatency': 425, 'to': 'awsConnect'}",66fe97169aed72ff524809a0,2024-10-03 16:07:34.867,HANDOFF,65d388268f9c81a5fb065f9cf8445d04396053ce urmc-6d31e9428cd30eafb7aedfca66870d2b,425,awsConnect
0b0fb89d-096b-40ed-9f31-0853911d581c,08fd0ad8-b8bd-4c6d-a1bf-c381dbe24b4d,113,"{'nluEngineVersion': '65d388268f9c81a5fb065f9cf8445d04396053ce urmc-6d31e9428cd30eafb7aedfca66870d2b', 'requestLatency': 1037, 'to': 'awsConnect'}",66feced255f202ce26139cc5,2024-10-03 20:05:22.791,HANDOFF,65d388268f9c81a5fb065f9cf8445d04396053ce urmc-6d31e9428cd30eafb7aedfca66870d2b,1037,awsConnect
e1796081-5ed6-474d-8588-ef372e1bb819,08fd0ad8-b8bd-4c6d-a1bf-c381dbe24b4d,70,"{'nluEngineVersion': '65d388268f9c81a5fb065f9cf8445d04396053ce urmc-480f4182e6c89e0232888471a5937803', 'requestLatency': 858, 'to': 'awsConnect'}",670032adda6a1c1483237027,2024-10-04 21:23:41.263,HANDOFF,65d388268f9c81a5fb065f9cf8445d04396053ce urmc-480f4182e6c89e0232888471a5937803,858,awsConnect
7c834aef-a05a-4c73-8d71-4ff7ac271019,08fd0ad8-b8bd-4c6d-a1bf-c381dbe24b4d,102,"{'nluEngineVersion': 'bf0fa48f613fdf0b2793c9372faf42e8bb3aa883 urmc-89d910f65fcc8f771e58593cb7e0ce9d', 'requestLatency': 758, 'to': 'awsConnect'}",670d4b24881e9aad8ce3d2eb,2024-10-14 19:47:32.537,HANDOFF,bf0fa48f613fdf0b2793c9372faf42e8bb3aa883 urmc-89d910f65fcc8f771e58593cb7e0ce9d,758,awsConnect
8af9c7d6-87a4-4d35-87e8-51fb1d41c1d1,08fd0ad8-b8bd-4c6d-a1bf-c381dbe24b4d,113,"{'nluEngineVersion': 'e1540ef6ef90a451708d44b77b7f914b18c92060 urmc-5acc02dcce4ca96fa36dc5578ebacdc1', 'requestLatency': 735, 'to': 'awsConnect'}",6708220d8529bdd2887d66b2,2024-10-10 21:50:53.488,HANDOFF,e1540ef6ef90a451708d44b77b7f914b18c92060 urmc-5acc02dcce4ca96fa36dc5578ebacdc1,735,awsConnect
974358d4-8741-4d5d-9d4d-ff387cf95fe6,08fd0ad8-b8bd-4c6d-a1bf-c381dbe24b4d,64,"{'nluEngineVersion': '65d388268f9c81a5fb065f9cf8445d04396053ce urmc-f8af18fcbc10a021a6068c79edd3e93f', 'requestLatency': 738, 'to': 'awsConnect'}",66fc546455f202ce26fa9948,2024-10-01 22:58:28.256,HANDOFF,65d388268f9c81a5fb065f9cf8445d04396053ce urmc-f8af18fcbc10a021a6068c79edd3e93f,738,awsConnect
9c2611e2-7da9-4699-b8a9-756b50ce6f48,08fd0ad8-b8bd-4c6d-a1bf-c381dbe24b4d,77,"{'nluEngineVersion': '65d388268f9c81a5fb065f9cf8445d04396053ce urmc-f8af18fcbc10a021a6068c79edd3e93f', 'requestLatency': 775, 'to': 'awsConnect'}",66fc523fce37c378347d6bad,2024-10-01 22:49:19.406,HANDOFF,65d388268f9c81a5fb065f9cf8445d04396053ce urmc-f8af18fcbc10a021a6068c79edd3e93f,775,awsConnect
e2edac63-0b5e-47aa-ba2b-00175cea5171,08fd0ad8-b8bd-4c6d-a1bf-c381dbe24b4d,71,"{'nluEngineVersion': '994728dac64a817fed0f861790cb68161d62463e urmc-5045c59462abcdbf1dd96474e081c41b', 'requestLatency': 639, 'to': 'awsConnect'}",66fc236355f202ce26f7f098,2024-10-01 19:29:23.391,HANDOFF,994728dac64a817fed0f861790cb68161d62463e urmc-5045c59462abcdbf1dd96474e081c41b,639,awsConnect
0d7ccf85-ee2a-4b6c-ba8f-20f2de4ec192,08fd0ad8-b8bd-4c6d-a1bf-c381dbe24b4d,85,"{'nluEngineVersion': '994728dac64a817fed0f861790cb68161d62463e urmc-9e92385eca986a968c0ca3e707e0274a', 'requestLatency': 891, 'to': 'awsConnect'}",66fbfe6655f202ce26f59532,2024-10-01 16:51:34.369,HANDOFF,994728dac64a817fed0f861790cb68161d62463e urmc-9e92385eca986a968c0ca3e707e0274a,891,awsConnect
e3b2ae20-dc1e-40b1-b49f-bf5836299103,08fd0ad8-b8bd-4c6d-a1bf-c381dbe24b4d,63,"{'nluEngineVersion': 'a6f109567b9d330e351f52437db72c06ebe694f2 urmc-f95578ec092932482f95a0d3fdaedaa8', 'requestLatency': 777, 'to': 'awsConnect'}",670564e34f3c05168c78852c,2024-10-08 19:59:15.013,HANDOFF,a6f109567b9d330e351f52437db72c06ebe694f2 urmc-f95578ec092932482f95a0d3fdaedaa8,777,awsConnect
a633bccd-020d-49e0-a9e1-ecae9edbc636,08fd0ad8-b8bd-4c6d-a1bf-c381dbe24b4d,73,"{'nluEngineVersion': '8307155cd3fb198077acd99ef4a2e834c23ed71f urmc-89d910f65fcc8f771e58593cb7e0ce9d', 'requestLatency': 755, 'to': 'awsConnect'}",670d5e0814519701d62fbc22,2024-10-14 21:08:08.426,HANDOFF,8307155cd3fb198077acd99ef4a2e834c23ed71f urmc-89d910f65fcc8f771e58593cb7e0ce9d,755,awsConnect
297cd602-750c-4e14-a3f1-9e58e4465c00,08fd0ad8-b8bd-4c6d-a1bf-c381dbe24b4d,74,"{'nluEngineVersion': 'bf0fa48f613fdf0b2793c9372faf42e8bb3aa883 urmc-89d910f65fcc8f771e58593cb7e0ce9d', 'requestLatency': 921, 'to': 'awsConnect'}",670d3b17881e9aad8ce2f907,2024-10-14 18:39:03.087,HANDOFF,bf0fa48f613fdf0b2793c9372faf42e8bb3aa883 urmc-89d910f65fcc8f771e58593cb7e0ce9d,921,awsConnect
f85f1edc-5df4-4f13-9e50-d7cb04fdf082,08fd0ad8-b8bd-4c6d-a1bf-c381dbe24b4d,63,"{'nluEngineVersion': 'bf0fa48f613fdf0b2793c9372faf42e8bb3aa883 urmc-89d910f65fcc8f771e58593cb7e0ce9d', 'requestLatency': 658, 'to': 'awsConnect'}",670d2693881e9aad8ce1b080,2024-10-14 17:11:31.621,HANDOFF,bf0fa48f613fdf0b2793c9372faf42e8bb3aa883 urmc-89d910f65fcc8f771e58593cb7e0ce9d,658,awsConnect
c79a9c43-a606-4edb-841f-6c7a953c1199,08fd0ad8-b8bd-4c6d-a1bf-c381dbe24b4d,75,"{'nluEngineVersion': 'bf0fa48f613fdf0b2793c9372faf42e8bb3aa883 urmc-89d910f65fcc8f771e58593cb7e0ce9d', 'requestLatency': 951, 'to': 'awsConnect'}",670d46ec881e9aad8ce39963,2024-10-14 19:29:32.040,HANDOFF,bf0fa48f613fdf0b2793c9372faf42e8bb3aa883 urmc-89d910f65fcc8f771e58593cb7e0ce9d,951,awsConnect
1666d847-1a6e-4063-b306-159352386344,08fd0ad8-b8bd-4c6d-a1bf-c381dbe24b4d,76,"{'nluEngineVersion': '65d388268f9c81a5fb065f9cf8445d04396053ce urmc-f8af18fcbc10a021a6068c79edd3e93f', 'requestLatency': 697, 'to': 'awsConnect'}",66fc4f5ff5f972a5bee7d8a2,2024-10-01 22:37:03.034,HANDOFF,65d388268f9c81a5fb065f9cf8445d04396053ce urmc-f8af18fcbc10a021a6068c79edd3e93f,697,awsConnect
2976cc9b-7d9a-4736-bc0a-ec49866965b7,08fd0ad8-b8bd-4c6d-a1bf-c381dbe24b4d,72,"{'nluEngineVersion': '2e1507ce847342e9c6b49a2a855bd4def47b8a06 urmc-9e92385eca986a968c0ca3e707e0274a', 'requestLatency': 794, 'to': 'awsConnect'}",66fbea23ce37c3783476c80d,2024-10-01 15:25:07.758,HANDOFF,2e1507ce847342e9c6b49a2a855bd4def47b8a06 urmc-9e92385eca986a968c0ca3e707e0274a,794,awsConnect
9760ab45-4366-40c1-8383-362b95d5a108,08fd0ad8-b8bd-4c6d-a1bf-c381dbe24b4d,70,"{'nluEngineVersion': '994728dac64a817fed0f861790cb68161d62463e urmc-5045c59462abcdbf1dd96474e081c41b', 'requestLatency': 734, 'to': 'awsConnect'}",66fc0b9555f202ce26f68b61,2024-10-01 17:47:49.571,HANDOFF,994728dac64a817fed0f861790cb68161d62463e urmc-5045c59462abcdbf1dd96474e081c41b,734,awsConnect
02ab6f8d-23e3-4ffc-a1c8-2f75baac3101,08fd0ad8-b8bd-4c6d-a1bf-c381dbe24b4d,78,"{'nluEngineVersion': '65d388268f9c81a5fb065f9cf8445d04396053ce urmc-f8af18fcbc10a021a6068c79edd3e93f', 'requestLatency': 972, 'to': 'awsConnect'}",66fc516055f202ce26fa7233,2024-10-01 22:45:36.086,HANDOFF,65d388268f9c81a5fb065f9cf8445d04396053ce urmc-f8af18fcbc10a021a6068c79edd3e93f,972,awsConnect
35d2620a-aa32-4f2d-b018-576b5a0f7de1,08fd0ad8-b8bd-4c6d-a1bf-c381dbe24b4d,71,"{'nluEngineVersion': '7d76806dacd9022f43205c499f77a1529744b90b urmc-f6abf1135b374ee1def31fd3efc6e049', 'requestLatency': 741, 'to': 'awsConnect'}",6703db6ace37c37834ceb41d,2024-10-07 16:00:26.285,HANDOFF,7d76806dacd9022f43205c499f77a1529744b90b urmc-f6abf1135b374ee1def31fd3efc6e049,741,awsConnect
2e0160c9-3df3-4f15-ba4c-d2c9efc0a881,08fd0ad8-b8bd-4c6d-a1bf-c381dbe24b4d,72,"{'nluEngineVersion': 'f5a10b14fec038fdf643d891591f0686cac51771 urmc-169973b677a1a13aeec39e84f4b2807a', 'requestLatency': 446, 'to': 'awsConnect'}",6703f72300ab2c30dea8a046,2024-10-07 17:58:43.416,HANDOFF,f5a10b14fec038fdf643d891591f0686cac51771 urmc-169973b677a1a13aeec39e84f4b2807a,446,awsConnect
2e0160c9-3df3-4f15-ba4c-d2c9efc0a881,08fd0ad8-b8bd-4c6d-a1bf-c381dbe24b4d,186,"{'nluEngineVersion': 'f5a10b14fec038fdf643d891591f0686cac51771 urmc-169973b677a1a13aeec39e84f4b2807a', 'requestLatency': 168, 'to': 'awsConnect'}",6703f91600ab2c30dea8bba1,2024-10-07 18:07:02.525,HANDOFF,f5a10b14fec038fdf643d891591f0686cac51771 urmc-169973b677a1a13aeec39e84f4b2807a,168,awsConnect
f8e1fda0-5070-42c8-b5bb-2288d7b345e7,08fd0ad8-b8bd-4c6d-a1bf-c381dbe24b4d,74,"{'nluEngineVersion': 'd19ace2641a995554c48700cbecb9ca30b97477f urmc-169973b677a1a13aeec39e84f4b2807a', 'requestLatency': 476, 'to': 'awsConnect'}",670424db55f202ce26476d67,2024-10-07 21:13:47.748,HANDOFF,d19ace2641a995554c48700cbecb9ca30b97477f urmc-169973b677a1a13aeec39e84f4b2807a,476,awsConnect
dde21e51-da50-40f1-8e97-308e52e1df9f,08fd0ad8-b8bd-4c6d-a1bf-c381dbe24b4d,114,"{'nluEngineVersion': 'f5a10b14fec038fdf643d891591f0686cac51771 urmc-169973b677a1a13aeec39e84f4b2807a', 'requestLatency': 778, 'to': 'awsConnect'}",67041652ce37c37834d22f74,2024-10-07 20:11:46.701,HANDOFF,f5a10b14fec038fdf643d891591f0686cac51771 urmc-169973b677a1a13aeec39e84f4b2807a,778,awsConnect
3223cf35-c71d-4fe3-b9c1-68872df9ab96,08fd0ad8-b8bd-4c6d-a1bf-c381dbe24b4d,88,"{'nluEngineVersion': 'f5a10b14fec038fdf643d891591f0686cac51771 urmc-169973b677a1a13aeec39e84f4b2807a', 'requestLatency': 1094, 'to': 'awsConnect'}",6703fea4ce37c37834d0dfa7,2024-10-07 18:30:44.342,HANDOFF,f5a10b14fec038fdf643d891591f0686cac51771 urmc-169973b677a1a13aeec39e84f4b2807a,1094,awsConnect
80d00fe3-b19d-4102-98d9-0256c16ed540,08fd0ad8-b8bd-4c6d-a1bf-c381dbe24b4d,83,"{'nluEngineVersion': '7d76806dacd9022f43205c499f77a1529744b90b urmc-f6abf1135b374ee1def31fd3efc6e049', 'requestLatency': 460, 'to': 'awsConnect'}",6703d064ce37c37834ce22ba,2024-10-07 15:13:24.915,HANDOFF,7d76806dacd9022f43205c499f77a1529744b90b urmc-f6abf1135b374ee1def31fd3efc6e049,460,awsConnect
fd75fe86-b7b4-47aa-a62c-5c0d61a5bf6e,08fd0ad8-b8bd-4c6d-a1bf-c381dbe24b4d,118,"{'nluEngineVersion': 'd19ace2641a995554c48700cbecb9ca30b97477f urmc-169973b677a1a13aeec39e84f4b2807a', 'requestLatency': 857, 'to': 'awsConnect'}",67042bf1ce37c37834d36196,2024-10-07 21:44:01.066,HANDOFF,d19ace2641a995554c48700cbecb9ca30b97477f urmc-169973b677a1a13aeec39e84f4b2807a,857,awsConnect
300648c3-de1b-4612-a42a-9b78bba021aa,08fd0ad8-b8bd-4c6d-a1bf-c381dbe24b4d,71,"{'nluEngineVersion': 'd19ace2641a995554c48700cbecb9ca30b97477f urmc-169973b677a1a13aeec39e84f4b2807a', 'requestLatency': 809, 'to': 'awsConnect'}",670430c5dd018676c742eb3f,2024-10-07 22:04:37.081,HANDOFF,d19ace2641a995554c48700cbecb9ca30b97477f urmc-169973b677a1a13aeec39e84f4b2807a,809,awsConnect
5d2a65b9-54d5-4e04-b044-850cafd46e85,08fd0ad8-b8bd-4c6d-a1bf-c381dbe24b4d,83,"{'nluEngineVersion': '7d76806dacd9022f43205c499f77a1529744b90b urmc-169973b677a1a13aeec39e84f4b2807a', 'requestLatency': 969, 'to': 'awsConnect'}",6703ea4055f202ce26442a56,2024-10-07 17:03:44.296,HANDOFF,7d76806dacd9022f43205c499f77a1529744b90b urmc-169973b677a1a13aeec39e84f4b2807a,969,awsConnect
d83e8d32-9190-42b7-ae09-3b46ab5f9294,08fd0ad8-b8bd-4c6d-a1bf-c381dbe24b4d,63,"{'nluEngineVersion': '7d76806dacd9022f43205c499f77a1529744b90b urmc-169973b677a1a13aeec39e84f4b2807a', 'requestLatency': 834, 'to': 'awsConnect'}",6703f08bdd018676c73f6303,2024-10-07 17:30:35.632,HANDOFF,7d76806dacd9022f43205c499f77a1529744b90b urmc-169973b677a1a13aeec39e84f4b2807a,834,awsConnect
adea2aec-a361-46f1-91fe-73c86591bd14,08fd0ad8-b8bd-4c6d-a1bf-c381dbe24b4d,70,"{'nluEngineVersion': 'f5a10b14fec038fdf643d891591f0686cac51771 urmc-169973b677a1a13aeec39e84f4b2807a', 'requestLatency': 760, 'to': 'awsConnect'}",670414a055f202ce26469350,2024-10-07 20:04:32.783,HANDOFF,f5a10b14fec038fdf643d891591f0686cac51771 urmc-169973b677a1a13aeec39e84f4b2807a,760,awsConnect
e69c48f8-0692-4116-86c5-00f0b4077e1f,08fd0ad8-b8bd-4c6d-a1bf-c381dbe24b4d,72,"{'nluEngineVersion': 'bf0fa48f613fdf0b2793c9372faf42e8bb3aa883 urmc-89d910f65fcc8f771e58593cb7e0ce9d', 'requestLatency': 795, 'to': 'awsConnect'}",670d5172881e9aad8ce425a9,2024-10-14 20:14:26.339,HANDOFF,bf0fa48f613fdf0b2793c9372faf42e8bb3aa883 urmc-89d910f65fcc8f771e58593cb7e0ce9d,795,awsConnect
531d8138-9ea7-4373-9ea6-1a48bf5e60ef,08fd0ad8-b8bd-4c6d-a1bf-c381dbe24b4d,94,"{'nluEngineVersion': '65d388268f9c81a5fb065f9cf8445d04396053ce urmc-6a3114572dffb9b823623fc3281cb224', 'requestLatency': 516, 'to': 'awsConnect'}",66fd95cf55f202ce2606ef02,2024-10-02 21:49:51.355,HANDOFF,65d388268f9c81a5fb065f9cf8445d04396053ce urmc-6a3114572dffb9b823623fc3281cb224,516,awsConnect
9a9df2d4-579d-44e7-85b2-bf145ef41226,08fd0ad8-b8bd-4c6d-a1bf-c381dbe24b4d,209,"{'nluEngineVersion': '65d388268f9c81a5fb065f9cf8445d04396053ce urmc-f8af18fcbc10a021a6068c79edd3e93f', 'requestLatency': 879, 'to': 'awsConnect'}",66fd72c84a29b75ae498c605,2024-10-02 19:20:24.822,HANDOFF,65d388268f9c81a5fb065f9cf8445d04396053ce urmc-f8af18fcbc10a021a6068c79edd3e93f,879,awsConnect
0d6d27ef-c591-4c4a-91fd-654092577cae,08fd0ad8-b8bd-4c6d-a1bf-c381dbe24b4d,100,"{'nluEngineVersion': 'bf0fa48f613fdf0b2793c9372faf42e8bb3aa883 urmc-89d910f65fcc8f771e58593cb7e0ce9d', 'requestLatency': 761, 'to': 'awsConnect'}",670d49e48790e7f88c275a6d,2024-10-14 19:42:12.826,HANDOFF,bf0fa48f613fdf0b2793c9372faf42e8bb3aa883 urmc-89d910f65fcc8f771e58593cb7e0ce9d,761,awsConnect
acfe2922-4449-4367-81b6-6a2b55a72e29,08fd0ad8-b8bd-4c6d-a1bf-c381dbe24b4d,79,"{'nluEngineVersion': 'bf0fa48f613fdf0b2793c9372faf42e8bb3aa883 urmc-89d910f65fcc8f771e58593cb7e0ce9d', 'requestLatency': 975, 'to': 'awsConnect'}",670d46d08790e7f88c2731bb,2024-10-14 19:29:04.530,HANDOFF,bf0fa48f613fdf0b2793c9372faf42e8bb3aa883 urmc-89d910f65fcc8f771e58593cb7e0ce9d,975,awsConnect
67d55272-7a89-478a-8104-40f533d9321d,08fd0ad8-b8bd-4c6d-a1bf-c381dbe24b4d,73,"{'nluEngineVersion': '0668b4298420020a85dadd5a28482c463c374e23 urmc-d7b76ab58052fc65932cbb27caa4ced2', 'requestLatency': 640, 'to': 'awsConnect'}",670ea779c6d56ea4415ebdeb,2024-10-15 20:33:45.554,HANDOFF,0668b4298420020a85dadd5a28482c463c374e23 urmc-d7b76ab58052fc65932cbb27caa4ced2,640,awsConnect
42f90345-2fd6-4c99-8ea8-28175bbf03c6,08fd0ad8-b8bd-4c6d-a1bf-c381dbe24b4d,65,"{'nluEngineVersion': '0668b4298420020a85dadd5a28482c463c374e23 urmc-d7b76ab58052fc65932cbb27caa4ced2', 'requestLatency': 566, 'to': 'awsConnect'}",670e73538529bdd288bb9808,2024-10-15 16:51:15.815,HANDOFF,0668b4298420020a85dadd5a28482c463c374e23 urmc-d7b76ab58052fc65932cbb27caa4ced2,566,awsConnect
cc946338-834b-4acc-99c0-16d533479445,08fd0ad8-b8bd-4c6d-a1bf-c381dbe24b4d,64,"{'nluEngineVersion': '0668b4298420020a85dadd5a28482c463c374e23 urmc-d7b76ab58052fc65932cbb27caa4ced2', 'requestLatency': 770, 'to': 'awsConnect'}",670ea310c6d56ea4415e743e,2024-10-15 20:14:56.586,HANDOFF,0668b4298420020a85dadd5a28482c463c374e23 urmc-d7b76ab58052fc65932cbb27caa4ced2,770,awsConnect
9a1d2109-189a-45b4-acaf-b5cfbf3d9b1f,08fd0ad8-b8bd-4c6d-a1bf-c381dbe24b4d,64,"{'nluEngineVersion': '6ea939c99252fd8d2b84582660f85fe69c4a6877 urmc-d7b76ab58052fc65932cbb27caa4ced2', 'requestLatency': 1493, 'to': 'awsConnect'}",670ebbd0c6d56ea4415fcfef,2024-10-15 22:00:32.379,HANDOFF,6ea939c99252fd8d2b84582660f85fe69c4a6877 urmc-d7b76ab58052fc65932cbb27caa4ced2,1493,awsConnect
be6a22e7-3d06-4237-afce-c3ea88c1c466,08fd0ad8-b8bd-4c6d-a1bf-c381dbe24b4d,70,"{'nluEngineVersion': '6ea939c99252fd8d2b84582660f85fe69c4a6877 urmc-d7b76ab58052fc65932cbb27caa4ced2', 'requestLatency': 703, 'to': 'awsConnect'}",670ec6fe4031c12e658e6d77,2024-10-15 22:48:14.774,HANDOFF,6ea939c99252fd8d2b84582660f85fe69c4a6877 urmc-d7b76ab58052fc65932cbb27caa4ced2,703,awsConnect
b5199ff7-d026-4679-aaf5-694b6c598d9f,08fd0ad8-b8bd-4c6d-a1bf-c381dbe24b4d,127,"{'nluEngineVersion': '0668b4298420020a85dadd5a28482c463c374e23 urmc-d7b76ab58052fc65932cbb27caa4ced2', 'requestLatency': 440, 'to': 'awsConnect'}",670e85f1c6d56ea4415cbc01,2024-10-15 18:10:41.733,HANDOFF,0668b4298420020a85dadd5a28482c463c374e23 urmc-d7b76ab58052fc65932cbb27caa4ced2,440,awsConnect
f9025793-df3c-4d4e-b9ed-2dd15a337251,08fd0ad8-b8bd-4c6d-a1bf-c381dbe24b4d,70,"{'nluEngineVersion': 'a6f109567b9d330e351f52437db72c06ebe694f2 urmc-f95578ec092932482f95a0d3fdaedaa8', 'requestLatency': 1195, 'to': 'awsConnect'}",67054b2f4f3c05168c76e714,2024-10-08 18:09:35.465,HANDOFF,a6f109567b9d330e351f52437db72c06ebe694f2 urmc-f95578ec092932482f95a0d3fdaedaa8,1195,awsConnect
3e7519e6-f5ad-4c54-81c8-8fc6ddc3dd1d,08fd0ad8-b8bd-4c6d-a1bf-c381dbe24b4d,94,"{'nluEngineVersion': 'a6f109567b9d330e351f52437db72c06ebe694f2 urmc-f95578ec092932482f95a0d3fdaedaa8', 'requestLatency': 935, 'to': 'awsConnect'}",670553677673c82f426623c0,2024-10-08 18:44:39.397,HANDOFF,a6f109567b9d330e351f52437db72c06ebe694f2 urmc-f95578ec092932482f95a0d3fdaedaa8,935,awsConnect
8a0cda1f-5b2f-4ca5-80b6-b6af3f19b1c3,08fd0ad8-b8bd-4c6d-a1bf-c381dbe24b4d,78,"{'nluEngineVersion': 'a6f109567b9d330e351f52437db72c06ebe694f2 urmc-f95578ec092932482f95a0d3fdaedaa8', 'requestLatency': 862, 'to': 'awsConnect'}",67054d2b14519701d6ddb00e,2024-10-08 18:18:03.969,HANDOFF,a6f109567b9d330e351f52437db72c06ebe694f2 urmc-f95578ec092932482f95a0d3fdaedaa8,862,awsConnect
30d5a0a2-6ab6-4bb9-9fd7-21df54c79301,08fd0ad8-b8bd-4c6d-a1bf-c381dbe24b4d,74,"{'nluEngineVersion': 'a6f109567b9d330e351f52437db72c06ebe694f2 urmc-f95578ec092932482f95a0d3fdaedaa8', 'requestLatency': 822, 'to': 'awsConnect'}",670575e44f3c05168c798b28,2024-10-08 21:11:48.717,HANDOFF,a6f109567b9d330e351f52437db72c06ebe694f2 urmc-f95578ec092932482f95a0d3fdaedaa8,822,awsConnect
db0e6c8a-410d-4b73-abbf-84d1f7cf141c,08fd0ad8-b8bd-4c6d-a1bf-c381dbe24b4d,71,"{'nluEngineVersion': 'a6f109567b9d330e351f52437db72c06ebe694f2 urmc-f95578ec092932482f95a0d3fdaedaa8', 'requestLatency': 1192, 'to': 'awsConnect'}",670587550f278e6ab116fdf6,2024-10-08 22:26:13.956,HANDOFF,a6f109567b9d330e351f52437db72c06ebe694f2 urmc-f95578ec092932482f95a0d3fdaedaa8,1192,awsConnect
09563bfb-8e66-4a75-8439-cdff94ef3afa,08fd0ad8-b8bd-4c6d-a1bf-c381dbe24b4d,141,"{'nluEngineVersion': 'a6f109567b9d330e351f52437db72c06ebe694f2 urmc-f95578ec092932482f95a0d3fdaedaa8', 'requestLatency': 894, 'to': 'awsConnect'}",670580567673c82f4268d9e9,2024-10-08 21:56:22.977,HANDOFF,a6f109567b9d330e351f52437db72c06ebe694f2 urmc-f95578ec092932482f95a0d3fdaedaa8,894,awsConnect
ff3bc71f-5103-4fb6-8e4d-720fda321e96,08fd0ad8-b8bd-4c6d-a1bf-c381dbe24b4d,88,"{'nluEngineVersion': 'a6f109567b9d330e351f52437db72c06ebe694f2 urmc-f95578ec092932482f95a0d3fdaedaa8', 'requestLatency': 981, 'to': 'awsConnect'}",67054cc34f3c05168c770327,2024-10-08 18:16:19.326,HANDOFF,a6f109567b9d330e351f52437db72c06ebe694f2 urmc-f95578ec092932482f95a0d3fdaedaa8,981,awsConnect
0d856495-0e84-4650-afeb-62169821d435,08fd0ad8-b8bd-4c6d-a1bf-c381dbe24b4d,70,"{'nluEngineVersion': 'a6f109567b9d330e351f52437db72c06ebe694f2 urmc-f95578ec092932482f95a0d3fdaedaa8', 'requestLatency': 412, 'to': 'awsConnect'}",67056e8b7673c82f4267ca0d,2024-10-08 20:40:27.736,HANDOFF,a6f109567b9d330e351f52437db72c06ebe694f2 urmc-f95578ec092932482f95a0d3fdaedaa8,412,awsConnect
c6be77db-0c7f-43a7-8780-6d8ecb10e86b,08fd0ad8-b8bd-4c6d-a1bf-c381dbe24b4d,64,"{'nluEngineVersion': 'e04547ebabc1ce823670359ac9eb2f882eac7a1c urmc-0bbf8416e2dffb4d5af60416f6e94ed5', 'requestLatency': 1062, 'to': 'awsConnect'}",6706d74914519701d6f025a0,2024-10-09 22:19:37.644,HANDOFF,e04547ebabc1ce823670359ac9eb2f882eac7a1c urmc-0bbf8416e2dffb4d5af60416f6e94ed5,1062,awsConnect
7824d52f-b8d4-4faf-9c0b-b4a4536affbf,08fd0ad8-b8bd-4c6d-a1bf-c381dbe24b4d,77,"{'nluEngineVersion': '9fa39a7450e451c50af6cd065449a16961ff1eff urmc-0bbf8416e2dffb4d5af60416f6e94ed5', 'requestLatency': 791, 'to': 'awsConnect'}",670679f714519701d6ea72d2,2024-10-09 15:41:27.368,HANDOFF,9fa39a7450e451c50af6cd065449a16961ff1eff urmc-0bbf8416e2dffb4d5af60416f6e94ed5,791,awsConnect
b0a095a0-9a72-4cdb-884d-c065eafb3a54,08fd0ad8-b8bd-4c6d-a1bf-c381dbe24b4d,106,"{'nluEngineVersion': '9fa39a7450e451c50af6cd065449a16961ff1eff urmc-0bbf8416e2dffb4d5af60416f6e94ed5', 'requestLatency': 707, 'to': 'awsConnect'}",670683757673c82f42732073,2024-10-09 16:21:57.389,HANDOFF,9fa39a7450e451c50af6cd065449a16961ff1eff urmc-0bbf8416e2dffb4d5af60416f6e94ed5,707,awsConnect
228212a6-56b6-4f69-8037-5b21e71124ac,08fd0ad8-b8bd-4c6d-a1bf-c381dbe24b4d,85,"{'nluEngineVersion': 'e04547ebabc1ce823670359ac9eb2f882eac7a1c urmc-0bbf8416e2dffb4d5af60416f6e94ed5', 'requestLatency': 852, 'to': 'awsConnect'}",6706cb8f9a99212463d12f33,2024-10-09 21:29:35.465,HANDOFF,e04547ebabc1ce823670359ac9eb2f882eac7a1c urmc-0bbf8416e2dffb4d5af60416f6e94ed5,852,awsConnect
bd0f17f9-67bc-4f2f-bb5b-2b7aff5a957c,08fd0ad8-b8bd-4c6d-a1bf-c381dbe24b4d,65,"{'nluEngineVersion': '7c8aa7cf05639bb2edb7c225a6aa00c85537c812 urmc-b36d458c4b00d2be35abe2d4d99f8ef6', 'requestLatency': 795, 'to': 'awsConnect'}",670962f38b7dd681e93474d3,2024-10-11 20:40:03.831,HANDOFF,7c8aa7cf05639bb2edb7c225a6aa00c85537c812 urmc-b36d458c4b00d2be35abe2d4d99f8ef6,795,awsConnect
16ebf895-cf39-4e99-bab2-595c640a12b9,08fd0ad8-b8bd-4c6d-a1bf-c381dbe24b4d,73,"{'nluEngineVersion': '65d388268f9c81a5fb065f9cf8445d04396053ce urmc-480f4182e6c89e0232888471a5937803', 'requestLatency': 744, 'to': 'awsConnect'}",67003e33da6a1c14832405b1,2024-10-04 22:12:51.258,HANDOFF,65d388268f9c81a5fb065f9cf8445d04396053ce urmc-480f4182e6c89e0232888471a5937803,744,awsConnect
23b6e26f-c93c-408b-8977-bc6cba8d5805,08fd0ad8-b8bd-4c6d-a1bf-c381dbe24b4d,122,"{'nluEngineVersion': '65d388268f9c81a5fb065f9cf8445d04396053ce urmc-480f4182e6c89e0232888471a5937803', 'requestLatency': 796, 'to': 'awsConnect'}",66fff823ce37c37834a80d58,2024-10-04 17:13:55.095,HANDOFF,65d388268f9c81a5fb065f9cf8445d04396053ce urmc-480f4182e6c89e0232888471a5937803,796,awsConnect
4bca2520-0c38-4b61-a01a-0fd0d7b1c173,08fd0ad8-b8bd-4c6d-a1bf-c381dbe24b4d,146,"{'nluEngineVersion': '65d388268f9c81a5fb065f9cf8445d04396053ce urmc-480f4182e6c89e0232888471a5937803', 'requestLatency': 855, 'to': 'awsConnect'}",67002d0bfd4c301deb1c993c,2024-10-04 20:59:39.163,HANDOFF,65d388268f9c81a5fb065f9cf8445d04396053ce urmc-480f4182e6c89e0232888471a5937803,855,awsConnect
