CONVERSATION_ID,ASSISTANT_ID,EVENT_POSITION,eventData,eventId,timestamp,typeOfEvent,nluEngineVersion,requestLatency,speechContexts
5d0c9f7d-f96e-45ad-a0e7-06975ff5965a,08fd0ad8-b8bd-4c6d-a1bf-c381dbe24b4d,74,"{'nluEngineVersion': 'e04547ebabc1ce823670359ac9eb2f882eac7a1c urmc-0bbf8416e2dffb4d5af60416f6e94ed5', 'requestLatency': 295, 'speechContexts': [{'boost': 20, 'phrases': ['no', 'yes']}]}",6706de3514519701d6f08aa3,2024-10-09 22:49:09.610,STT_SPEECH_CONTEXT,e04547ebabc1ce823670359ac9eb2f882eac7a1c urmc-0bbf8416e2dffb4d5af60416f6e94ed5,295,"[{'boost': 20, 'phrases': ['no', 'yes']}]"
7cdfb076-b0d3-43e7-89ef-1313104f1bdb,08fd0ad8-b8bd-4c6d-a1bf-c381dbe24b4d,64,"{'nluEngineVersion': '9fa39a7450e451c50af6cd065449a16961ff1eff urmc-0bbf8416e2dffb4d5af60416f6e94ed5', 'requestLatency': 427, 'speechContexts': [{'boost': 20, 'phrases': ['no', 'yes']}]}",67067d5e7673c82f4272c9b0,2024-10-09 15:55:58.741,STT_SPEECH_CONTEXT,9fa39a7450e451c50af6cd065449a16961ff1eff urmc-0bbf8416e2dffb4d5af60416f6e94ed5,427,"[{'boost': 20, 'phrases': ['no', 'yes']}]"
b4774e52-b5c9-4153-961e-0639d7a88142,08fd0ad8-b8bd-4c6d-a1bf-c381dbe24b4d,78,"{'nluEngineVersion': '9fa39a7450e451c50af6cd065449a16961ff1eff urmc-0bbf8416e2dffb4d5af60416f6e94ed5', 'requestLatency': 96, 'speechContexts': [{'boost': 20, 'phrases': ['no', 'yes']}]}",67067cc114519701d6ea96db,2024-10-09 15:53:21.750,STT_SPEECH_CONTEXT,9fa39a7450e451c50af6cd065449a16961ff1eff urmc-0bbf8416e2dffb4d5af60416f6e94ed5,96,"[{'boost': 20, 'phrases': ['no', 'yes']}]"
b4774e52-b5c9-4153-961e-0639d7a88142,08fd0ad8-b8bd-4c6d-a1bf-c381dbe24b4d,375,"{'nluEngineVersion': '9fa39a7450e451c50af6cd065449a16961ff1eff urmc-0bbf8416e2dffb4d5af60416f6e94ed5', 'requestLatency': 168, 'speechContexts': [{'boost': 20, 'phrases': ['no', 'yes']}]}",670683b314519701d6eafa40,2024-10-09 16:22:59.912,STT_SPEECH_CONTEXT,9fa39a7450e451c50af6cd065449a16961ff1eff urmc-0bbf8416e2dffb4d5af60416f6e94ed5,168,"[{'boost': 20, 'phrases': ['no', 'yes']}]"
b4774e52-b5c9-4153-961e-0639d7a88142,08fd0ad8-b8bd-4c6d-a1bf-c381dbe24b4d,383,"{'nluEngineVersion': '9fa39a7450e451c50af6cd065449a16961ff1eff urmc-0bbf8416e2dffb4d5af60416f6e94ed5', 'requestLatency': 169, 'speechContexts': [{'boost': 20, 'phrases': ['no', 'yes']}]}",670683b414519701d6eafa4c,2024-10-09 16:23:00.060,STT_SPEECH_CONTEXT,9fa39a7450e451c50af6cd065449a16961ff1eff urmc-0bbf8416e2dffb4d5af60416f6e94ed5,169,"[{'boost': 20, 'phrases': ['no', 'yes']}]"
b4774e52-b5c9-4153-961e-0639d7a88142,08fd0ad8-b8bd-4c6d-a1bf-c381dbe24b4d,390,"{'nluEngineVersion': '9fa39a7450e451c50af6cd065449a16961ff1eff urmc-0bbf8416e2dffb4d5af60416f6e94ed5', 'requestLatency': 333, 'speechContexts': [{'boost': 20, 'phrases': ['no', 'yes']}]}",670683b414519701d6eafa50,2024-10-09 16:23:00.093,STT_SPEECH_CONTEXT,9fa39a7450e451c50af6cd065449a16961ff1eff urmc-0bbf8416e2dffb4d5af60416f6e94ed5,333,"[{'boost': 20, 'phrases': ['no', 'yes']}]"
b4774e52-b5c9-4153-961e-0639d7a88142,08fd0ad8-b8bd-4c6d-a1bf-c381dbe24b4d,398,"{'nluEngineVersion': '9fa39a7450e451c50af6cd065449a16961ff1eff urmc-0bbf8416e2dffb4d5af60416f6e94ed5', 'requestLatency': 337, 'speechContexts': [{'boost': 20, 'phrases': ['no', 'yes']}]}",670683b414519701d6eafa5b,2024-10-09 16:23:00.228,STT_SPEECH_CONTEXT,9fa39a7450e451c50af6cd065449a16961ff1eff urmc-0bbf8416e2dffb4d5af60416f6e94ed5,337,"[{'boost': 20, 'phrases': ['no', 'yes']}]"
b4774e52-b5c9-4153-961e-0639d7a88142,08fd0ad8-b8bd-4c6d-a1bf-c381dbe24b4d,414,"{'nluEngineVersion': '9fa39a7450e451c50af6cd065449a16961ff1eff urmc-0bbf8416e2dffb4d5af60416f6e94ed5', 'requestLatency': 2166, 'speechContexts': [{'boost': 20, 'phrases': ['no', 'yes']}]}",670683b514519701d6eafa82,2024-10-09 16:23:01.910,STT_SPEECH_CONTEXT,9fa39a7450e451c50af6cd065449a16961ff1eff urmc-0bbf8416e2dffb4d5af60416f6e94ed5,2166,"[{'boost': 20, 'phrases': ['no', 'yes']}]"
b4774e52-b5c9-4153-961e-0639d7a88142,08fd0ad8-b8bd-4c6d-a1bf-c381dbe24b4d,426,"{'nluEngineVersion': '9fa39a7450e451c50af6cd065449a16961ff1eff urmc-0bbf8416e2dffb4d5af60416f6e94ed5', 'requestLatency': 2182, 'speechContexts': [{'boost': 20, 'phrases': ['no', 'yes']}]}",670683b614519701d6eafa93,2024-10-09 16:23:02.074,STT_SPEECH_CONTEXT,9fa39a7450e451c50af6cd065449a16961ff1eff urmc-0bbf8416e2dffb4d5af60416f6e94ed5,2182,"[{'boost': 20, 'phrases': ['no', 'yes']}]"
fdb7d2b9-cd17-424e-801d-f0ec562fc792,08fd0ad8-b8bd-4c6d-a1bf-c381dbe24b4d,50,"{'nluEngineVersion': 'e04547ebabc1ce823670359ac9eb2f882eac7a1c urmc-0bbf8416e2dffb4d5af60416f6e94ed5', 'requestLatency': 337, 'speechContexts': [{'boost': 20, 'phrases': ['no', 'yes']}]}",6706b72af480fd5383ab2e73,2024-10-09 20:02:34.196,STT_SPEECH_CONTEXT,e04547ebabc1ce823670359ac9eb2f882eac7a1c urmc-0bbf8416e2dffb4d5af60416f6e94ed5,337,"[{'boost': 20, 'phrases': ['no', 'yes']}]"
85620fb5-605b-4788-a1ef-d518156d0ec4,08fd0ad8-b8bd-4c6d-a1bf-c381dbe24b4d,43,"{'nluEngineVersion': '9fa39a7450e451c50af6cd065449a16961ff1eff urmc-0bbf8416e2dffb4d5af60416f6e94ed5', 'requestLatency': 121, 'speechContexts': [{'boost': 20, 'phrases': ['no', 'yes']}]}",670691479a99212463cd5ea2,2024-10-09 17:20:55.937,STT_SPEECH_CONTEXT,9fa39a7450e451c50af6cd065449a16961ff1eff urmc-0bbf8416e2dffb4d5af60416f6e94ed5,121,"[{'boost': 20, 'phrases': ['no', 'yes']}]"
456219e6-98ae-42ec-9294-06576c993535,08fd0ad8-b8bd-4c6d-a1bf-c381dbe24b4d,54,"{'nluEngineVersion': 'e04547ebabc1ce823670359ac9eb2f882eac7a1c urmc-0bbf8416e2dffb4d5af60416f6e94ed5', 'requestLatency': 133, 'speechContexts': [{'boost': 20, 'phrases': ['no', 'yes']}]}",6706c4907673c82f42773ab3,2024-10-09 20:59:44.662,STT_SPEECH_CONTEXT,e04547ebabc1ce823670359ac9eb2f882eac7a1c urmc-0bbf8416e2dffb4d5af60416f6e94ed5,133,"[{'boost': 20, 'phrases': ['no', 'yes']}]"
0dfce152-cf44-4df1-8574-450a64972014,08fd0ad8-b8bd-4c6d-a1bf-c381dbe24b4d,42,"{'nluEngineVersion': '65d388268f9c81a5fb065f9cf8445d04396053ce urmc-480f4182e6c89e0232888471a5937803', 'requestLatency': 170, 'speechContexts': [{'boost': 20, 'phrases': ['no', 'yes']}]}",6700120755f202ce262192f9,2024-10-04 19:04:23.662,STT_SPEECH_CONTEXT,65d388268f9c81a5fb065f9cf8445d04396053ce urmc-480f4182e6c89e0232888471a5937803,170,"[{'boost': 20, 'phrases': ['no', 'yes']}]"
47db429f-a6dd-43c9-b15f-fd6152d7980a,08fd0ad8-b8bd-4c6d-a1bf-c381dbe24b4d,54,"{'nluEngineVersion': '65d388268f9c81a5fb065f9cf8445d04396053ce urmc-480f4182e6c89e0232888471a5937803', 'requestLatency': 518, 'speechContexts': [{'boost': 20, 'phrases': ['no', 'yes']}]}",67003417da6a1c1483238298,2024-10-04 21:29:43.684,STT_SPEECH_CONTEXT,65d388268f9c81a5fb065f9cf8445d04396053ce urmc-480f4182e6c89e0232888471a5937803,518,"[{'boost': 20, 'phrases': ['no', 'yes']}]"
85fc1a40-5a42-44de-b182-79a4f17a2ee5,08fd0ad8-b8bd-4c6d-a1bf-c381dbe24b4d,35,"{'nluEngineVersion': '65d388268f9c81a5fb065f9cf8445d04396053ce urmc-6a3114572dffb9b823623fc3281cb224', 'requestLatency': 264, 'speechContexts': [{'boost': 20, 'phrases': ['no', 'yes']}]}",66fd9fa24a29b75ae49b0b90,2024-10-02 22:31:46.806,STT_SPEECH_CONTEXT,65d388268f9c81a5fb065f9cf8445d04396053ce urmc-6a3114572dffb9b823623fc3281cb224,264,"[{'boost': 20, 'phrases': ['no', 'yes']}]"
618887fa-46c0-4f2c-930e-9e236f40a7a3,08fd0ad8-b8bd-4c6d-a1bf-c381dbe24b4d,35,"{'nluEngineVersion': '65d388268f9c81a5fb065f9cf8445d04396053ce urmc-480f4182e6c89e0232888471a5937803', 'requestLatency': 261, 'speechContexts': [{'boost': 20, 'phrases': ['no', 'yes']}]}",67000439da6a1c148320d39c,2024-10-04 18:05:29.620,STT_SPEECH_CONTEXT,65d388268f9c81a5fb065f9cf8445d04396053ce urmc-480f4182e6c89e0232888471a5937803,261,"[{'boost': 20, 'phrases': ['no', 'yes']}]"
5fb8d3c9-2e83-47b8-8e83-197f43011b23,08fd0ad8-b8bd-4c6d-a1bf-c381dbe24b4d,70,"{'nluEngineVersion': '65d388268f9c81a5fb065f9cf8445d04396053ce urmc-480f4182e6c89e0232888471a5937803', 'requestLatency': 176, 'speechContexts': [{'boost': 20, 'phrases': ['no', 'yes']}]}",67001548fd4c301deb1b5786,2024-10-04 19:18:16.809,STT_SPEECH_CONTEXT,65d388268f9c81a5fb065f9cf8445d04396053ce urmc-480f4182e6c89e0232888471a5937803,176,"[{'boost': 20, 'phrases': ['no', 'yes']}]"
4bcc1275-cfd7-4f94-ae3e-5b91a50350c2,08fd0ad8-b8bd-4c6d-a1bf-c381dbe24b4d,37,"{'nluEngineVersion': '65d388268f9c81a5fb065f9cf8445d04396053ce urmc-6a3114572dffb9b823623fc3281cb224', 'requestLatency': 278, 'speechContexts': [{'boost': 20, 'phrases': ['no', 'yes']}]}",66fd90e155f202ce2606b6e8,2024-10-02 21:28:49.425,STT_SPEECH_CONTEXT,65d388268f9c81a5fb065f9cf8445d04396053ce urmc-6a3114572dffb9b823623fc3281cb224,278,"[{'boost': 20, 'phrases': ['no', 'yes']}]"
8901081c-446c-440f-897f-93929f9e4813,08fd0ad8-b8bd-4c6d-a1bf-c381dbe24b4d,82,"{'nluEngineVersion': '65d388268f9c81a5fb065f9cf8445d04396053ce urmc-6a3114572dffb9b823623fc3281cb224', 'requestLatency': 273, 'speechContexts': [{'boost': 20, 'phrases': ['no', 'yes']}]}",66fd9d8a4a29b75ae49aef0e,2024-10-02 22:22:50.254,STT_SPEECH_CONTEXT,65d388268f9c81a5fb065f9cf8445d04396053ce urmc-6a3114572dffb9b823623fc3281cb224,273,"[{'boost': 20, 'phrases': ['no', 'yes']}]"
4fc4b1e3-0388-476a-87d4-925fdf22c23f,08fd0ad8-b8bd-4c6d-a1bf-c381dbe24b4d,53,"{'nluEngineVersion': '65d388268f9c81a5fb065f9cf8445d04396053ce urmc-6a3114572dffb9b823623fc3281cb224', 'requestLatency': 374, 'speechContexts': [{'boost': 20, 'phrases': ['no', 'yes']}]}",66fd9eba55f202ce26075cdb,2024-10-02 22:27:54.564,STT_SPEECH_CONTEXT,65d388268f9c81a5fb065f9cf8445d04396053ce urmc-6a3114572dffb9b823623fc3281cb224,374,"[{'boost': 20, 'phrases': ['no', 'yes']}]"
2a19d0a2-65ad-4ea9-b72d-41f491995897,08fd0ad8-b8bd-4c6d-a1bf-c381dbe24b4d,45,"{'nluEngineVersion': '65d388268f9c81a5fb065f9cf8445d04396053ce urmc-f8af18fcbc10a021a6068c79edd3e93f', 'requestLatency': 339, 'speechContexts': [{'boost': 20, 'phrases': ['no', 'yes']}]}",66fd534955f202ce26033feb,2024-10-02 17:06:01.466,STT_SPEECH_CONTEXT,65d388268f9c81a5fb065f9cf8445d04396053ce urmc-f8af18fcbc10a021a6068c79edd3e93f,339,"[{'boost': 20, 'phrases': ['no', 'yes']}]"
0cf3f2b5-a7a0-499c-a1d8-f47936eae0c9,08fd0ad8-b8bd-4c6d-a1bf-c381dbe24b4d,66,"{'nluEngineVersion': '65d388268f9c81a5fb065f9cf8445d04396053ce urmc-f8af18fcbc10a021a6068c79edd3e93f', 'requestLatency': 235, 'speechContexts': [{'boost': 20, 'phrases': ['no', 'yes']}]}",66fd742555f202ce26052eb2,2024-10-02 19:26:13.192,STT_SPEECH_CONTEXT,65d388268f9c81a5fb065f9cf8445d04396053ce urmc-f8af18fcbc10a021a6068c79edd3e93f,235,"[{'boost': 20, 'phrases': ['no', 'yes']}]"
03e5298e-1c3f-443c-91e6-0e124a883c85,08fd0ad8-b8bd-4c6d-a1bf-c381dbe24b4d,50,"{'nluEngineVersion': '65d388268f9c81a5fb065f9cf8445d04396053ce urmc-6a3114572dffb9b823623fc3281cb224', 'requestLatency': 170, 'speechContexts': [{'boost': 20, 'phrases': ['no', 'yes']}]}",66fd8e5655f202ce26069330,2024-10-02 21:17:58.848,STT_SPEECH_CONTEXT,65d388268f9c81a5fb065f9cf8445d04396053ce urmc-6a3114572dffb9b823623fc3281cb224,170,"[{'boost': 20, 'phrases': ['no', 'yes']}]"
018fca22-1115-4e34-bea5-c8e4c7b7b7c7,08fd0ad8-b8bd-4c6d-a1bf-c381dbe24b4d,137,"{'nluEngineVersion': 'e1540ef6ef90a451708d44b77b7f914b18c92060 urmc-5acc02dcce4ca96fa36dc5578ebacdc1', 'requestLatency': 272, 'speechContexts': [{'boost': 20, 'phrases': ['no', 'yes']}]}",67081b998529bdd2887d0cf5,2024-10-10 21:23:21.222,STT_SPEECH_CONTEXT,e1540ef6ef90a451708d44b77b7f914b18c92060 urmc-5acc02dcce4ca96fa36dc5578ebacdc1,272,"[{'boost': 20, 'phrases': ['no', 'yes']}]"
6de42711-f810-41bd-aa0d-6d4acf9d6b49,08fd0ad8-b8bd-4c6d-a1bf-c381dbe24b4d,35,"{'nluEngineVersion': 'e1540ef6ef90a451708d44b77b7f914b18c92060 urmc-5acc02dcce4ca96fa36dc5578ebacdc1', 'requestLatency': 249, 'speechContexts': [{'boost': 20, 'phrases': ['no', 'yes']}]}",67082ae98529bdd2887de183,2024-10-10 22:28:41.710,STT_SPEECH_CONTEXT,e1540ef6ef90a451708d44b77b7f914b18c92060 urmc-5acc02dcce4ca96fa36dc5578ebacdc1,249,"[{'boost': 20, 'phrases': ['no', 'yes']}]"
f31ef72a-ca89-4069-aafc-d2fad1072a55,08fd0ad8-b8bd-4c6d-a1bf-c381dbe24b4d,34,"{'nluEngineVersion': 'e1540ef6ef90a451708d44b77b7f914b18c92060 urmc-5acc02dcce4ca96fa36dc5578ebacdc1', 'requestLatency': 319, 'speechContexts': [{'boost': 20, 'phrases': ['no', 'yes']}]}",67082a6e8529bdd2887ddb0d,2024-10-10 22:26:38.515,STT_SPEECH_CONTEXT,e1540ef6ef90a451708d44b77b7f914b18c92060 urmc-5acc02dcce4ca96fa36dc5578ebacdc1,319,"[{'boost': 20, 'phrases': ['no', 'yes']}]"
0248ab1e-2f61-4d2e-98e3-6e12c390a1b5,08fd0ad8-b8bd-4c6d-a1bf-c381dbe24b4d,42,"{'nluEngineVersion': '65d388268f9c81a5fb065f9cf8445d04396053ce urmc-6d31e9428cd30eafb7aedfca66870d2b', 'requestLatency': 274, 'speechContexts': [{'boost': 20, 'phrases': ['no', 'yes']}]}",66fe96fa9aed72ff52480803,2024-10-03 16:07:06.054,STT_SPEECH_CONTEXT,65d388268f9c81a5fb065f9cf8445d04396053ce urmc-6d31e9428cd30eafb7aedfca66870d2b,274,"[{'boost': 20, 'phrases': ['no', 'yes']}]"
0b0fb89d-096b-40ed-9f31-0853911d581c,08fd0ad8-b8bd-4c6d-a1bf-c381dbe24b4d,82,"{'nluEngineVersion': '65d388268f9c81a5fb065f9cf8445d04396053ce urmc-6d31e9428cd30eafb7aedfca66870d2b', 'requestLatency': 427, 'speechContexts': [{'boost': 20, 'phrases': ['no', 'yes']}]}",66fecebb55f202ce26139b83,2024-10-03 20:04:59.496,STT_SPEECH_CONTEXT,65d388268f9c81a5fb065f9cf8445d04396053ce urmc-6d31e9428cd30eafb7aedfca66870d2b,427,"[{'boost': 20, 'phrases': ['no', 'yes']}]"
e1796081-5ed6-474d-8588-ef372e1bb819,08fd0ad8-b8bd-4c6d-a1bf-c381dbe24b4d,43,"{'nluEngineVersion': '65d388268f9c81a5fb065f9cf8445d04396053ce urmc-480f4182e6c89e0232888471a5937803', 'requestLatency': 161, 'speechContexts': [{'boost': 20, 'phrases': ['no', 'yes']}]}",67003289da6a1c1483236e73,2024-10-04 21:23:05.438,STT_SPEECH_CONTEXT,65d388268f9c81a5fb065f9cf8445d04396053ce urmc-480f4182e6c89e0232888471a5937803,161,"[{'boost': 20, 'phrases': ['no', 'yes']}]"
7c834aef-a05a-4c73-8d71-4ff7ac271019,08fd0ad8-b8bd-4c6d-a1bf-c381dbe24b4d,73,"{'nluEngineVersion': 'bf0fa48f613fdf0b2793c9372faf42e8bb3aa883 urmc-89d910f65fcc8f771e58593cb7e0ce9d', 'requestLatency': 192, 'speechContexts': [{'boost': 20, 'phrases': ['no', 'yes']}]}",670d4b04881e9aad8ce3d145,2024-10-14 19:47:00.254,STT_SPEECH_CONTEXT,bf0fa48f613fdf0b2793c9372faf42e8bb3aa883 urmc-89d910f65fcc8f771e58593cb7e0ce9d,192,"[{'boost': 20, 'phrases': ['no', 'yes']}]"
8af9c7d6-87a4-4d35-87e8-51fb1d41c1d1,08fd0ad8-b8bd-4c6d-a1bf-c381dbe24b4d,82,"{'nluEngineVersion': 'e1540ef6ef90a451708d44b77b7f914b18c92060 urmc-5acc02dcce4ca96fa36dc5578ebacdc1', 'requestLatency': 282, 'speechContexts': [{'boost': 20, 'phrases': ['no', 'yes']}]}",670821ea8529bdd2887d648f,2024-10-10 21:50:18.812,STT_SPEECH_CONTEXT,e1540ef6ef90a451708d44b77b7f914b18c92060 urmc-5acc02dcce4ca96fa36dc5578ebacdc1,282,"[{'boost': 20, 'phrases': ['no', 'yes']}]"
974358d4-8741-4d5d-9d4d-ff387cf95fe6,08fd0ad8-b8bd-4c6d-a1bf-c381dbe24b4d,35,"{'nluEngineVersion': '65d388268f9c81a5fb065f9cf8445d04396053ce urmc-f8af18fcbc10a021a6068c79edd3e93f', 'requestLatency': 272, 'speechContexts': [{'boost': 20, 'phrases': ['no', 'yes']}]}",66fc544455f202ce26fa9796,2024-10-01 22:57:56.331,STT_SPEECH_CONTEXT,65d388268f9c81a5fb065f9cf8445d04396053ce urmc-f8af18fcbc10a021a6068c79edd3e93f,272,"[{'boost': 20, 'phrases': ['no', 'yes']}]"
9c2611e2-7da9-4699-b8a9-756b50ce6f48,08fd0ad8-b8bd-4c6d-a1bf-c381dbe24b4d,48,"{'nluEngineVersion': '65d388268f9c81a5fb065f9cf8445d04396053ce urmc-f8af18fcbc10a021a6068c79edd3e93f', 'requestLatency': 267, 'speechContexts': [{'boost': 20, 'phrases': ['no', 'yes']}]}",66fc521dce37c378347d695b,2024-10-01 22:48:45.489,STT_SPEECH_CONTEXT,65d388268f9c81a5fb065f9cf8445d04396053ce urmc-f8af18fcbc10a021a6068c79edd3e93f,267,"[{'boost': 20, 'phrases': ['no', 'yes']}]"
e2edac63-0b5e-47aa-ba2b-00175cea5171,08fd0ad8-b8bd-4c6d-a1bf-c381dbe24b4d,41,"{'nluEngineVersion': '994728dac64a817fed0f861790cb68161d62463e urmc-5045c59462abcdbf1dd96474e081c41b', 'requestLatency': 336, 'speechContexts': [{'boost': 20, 'phrases': ['no', 'yes']}]}",66fc234a55f202ce26f7ef37,2024-10-01 19:28:58.738,STT_SPEECH_CONTEXT,994728dac64a817fed0f861790cb68161d62463e urmc-5045c59462abcdbf1dd96474e081c41b,336,"[{'boost': 20, 'phrases': ['no', 'yes']}]"
0d7ccf85-ee2a-4b6c-ba8f-20f2de4ec192,08fd0ad8-b8bd-4c6d-a1bf-c381dbe24b4d,54,"{'nluEngineVersion': '994728dac64a817fed0f861790cb68161d62463e urmc-9e92385eca986a968c0ca3e707e0274a', 'requestLatency': 212, 'speechContexts': [{'boost': 20, 'phrases': ['no', 'yes']}]}",66fbfe4f55f202ce26f593ad,2024-10-01 16:51:11.946,STT_SPEECH_CONTEXT,994728dac64a817fed0f861790cb68161d62463e urmc-9e92385eca986a968c0ca3e707e0274a,212,"[{'boost': 20, 'phrases': ['no', 'yes']}]"
a1e8a935-277f-43f3-8247-25282968866a,08fd0ad8-b8bd-4c6d-a1bf-c381dbe24b4d,48,"{'nluEngineVersion': 'e1641e9e796d573a677b441c828108271ac45ffb urmc-f8af18fcbc10a021a6068c79edd3e93f', 'requestLatency': 172, 'speechContexts': [{'boost': 20, 'phrases': ['no', 'yes']}]}",66fc2e5606ea172c89cb4c4a,2024-10-01 20:16:06.787,STT_SPEECH_CONTEXT,e1641e9e796d573a677b441c828108271ac45ffb urmc-f8af18fcbc10a021a6068c79edd3e93f,172,"[{'boost': 20, 'phrases': ['no', 'yes']}]"
e3b2ae20-dc1e-40b1-b49f-bf5836299103,08fd0ad8-b8bd-4c6d-a1bf-c381dbe24b4d,36,"{'nluEngineVersion': 'a6f109567b9d330e351f52437db72c06ebe694f2 urmc-f95578ec092932482f95a0d3fdaedaa8', 'requestLatency': 290, 'speechContexts': [{'boost': 20, 'phrases': ['no', 'yes']}]}",670564c64f3c05168c788378,2024-10-08 19:58:46.929,STT_SPEECH_CONTEXT,a6f109567b9d330e351f52437db72c06ebe694f2 urmc-f95578ec092932482f95a0d3fdaedaa8,290,"[{'boost': 20, 'phrases': ['no', 'yes']}]"
a633bccd-020d-49e0-a9e1-ecae9edbc636,08fd0ad8-b8bd-4c6d-a1bf-c381dbe24b4d,45,"{'nluEngineVersion': '8307155cd3fb198077acd99ef4a2e834c23ed71f urmc-89d910f65fcc8f771e58593cb7e0ce9d', 'requestLatency': 153, 'speechContexts': [{'boost': 20, 'phrases': ['no', 'yes']}]}",670d5ded14519701d62fba1e,2024-10-14 21:07:41.415,STT_SPEECH_CONTEXT,8307155cd3fb198077acd99ef4a2e834c23ed71f urmc-89d910f65fcc8f771e58593cb7e0ce9d,153,"[{'boost': 20, 'phrases': ['no', 'yes']}]"
ccc7c522-7379-4586-8ad3-3e4714992f2d,08fd0ad8-b8bd-4c6d-a1bf-c381dbe24b4d,41,"{'nluEngineVersion': 'bf0fa48f613fdf0b2793c9372faf42e8bb3aa883 urmc-89d910f65fcc8f771e58593cb7e0ce9d', 'requestLatency': 119, 'speechContexts': [{'boost': 20, 'phrases': ['no', 'yes']}]}",670d1aff8529bdd288ac5fe4,2024-10-14 16:22:07.656,STT_SPEECH_CONTEXT,bf0fa48f613fdf0b2793c9372faf42e8bb3aa883 urmc-89d910f65fcc8f771e58593cb7e0ce9d,119,"[{'boost': 20, 'phrases': ['no', 'yes']}]"
9ba01f2f-8935-494d-8e11-3818664e1d47,08fd0ad8-b8bd-4c6d-a1bf-c381dbe24b4d,52,"{'nluEngineVersion': '7c8aa7cf05639bb2edb7c225a6aa00c85537c812 urmc-b36d458c4b00d2be35abe2d4d99f8ef6', 'requestLatency': 167, 'speechContexts': [{'boost': 20, 'phrases': ['no', 'yes']}]}",670934a214519701d607e104,2024-10-11 17:22:26.104,STT_SPEECH_CONTEXT,7c8aa7cf05639bb2edb7c225a6aa00c85537c812 urmc-b36d458c4b00d2be35abe2d4d99f8ef6,167,"[{'boost': 20, 'phrases': ['no', 'yes']}]"
297cd602-750c-4e14-a3f1-9e58e4465c00,08fd0ad8-b8bd-4c6d-a1bf-c381dbe24b4d,44,"{'nluEngineVersion': 'bf0fa48f613fdf0b2793c9372faf42e8bb3aa883 urmc-89d910f65fcc8f771e58593cb7e0ce9d', 'requestLatency': 156, 'speechContexts': [{'boost': 20, 'phrases': ['no', 'yes']}]}",670d3afb881e9aad8ce2f72b,2024-10-14 18:38:35.342,STT_SPEECH_CONTEXT,bf0fa48f613fdf0b2793c9372faf42e8bb3aa883 urmc-89d910f65fcc8f771e58593cb7e0ce9d,156,"[{'boost': 20, 'phrases': ['no', 'yes']}]"
f85f1edc-5df4-4f13-9e50-d7cb04fdf082,08fd0ad8-b8bd-4c6d-a1bf-c381dbe24b4d,34,"{'nluEngineVersion': 'bf0fa48f613fdf0b2793c9372faf42e8bb3aa883 urmc-89d910f65fcc8f771e58593cb7e0ce9d', 'requestLatency': 261, 'speechContexts': [{'boost': 20, 'phrases': ['no', 'yes']}]}",670d2676881e9aad8ce1ae81,2024-10-14 17:11:02.080,STT_SPEECH_CONTEXT,bf0fa48f613fdf0b2793c9372faf42e8bb3aa883 urmc-89d910f65fcc8f771e58593cb7e0ce9d,261,"[{'boost': 20, 'phrases': ['no', 'yes']}]"
c79a9c43-a606-4edb-841f-6c7a953c1199,08fd0ad8-b8bd-4c6d-a1bf-c381dbe24b4d,45,"{'nluEngineVersion': 'bf0fa48f613fdf0b2793c9372faf42e8bb3aa883 urmc-89d910f65fcc8f771e58593cb7e0ce9d', 'requestLatency': 180, 'speechContexts': [{'boost': 20, 'phrases': ['no', 'yes']}]}",670d46d2881e9aad8ce3980b,2024-10-14 19:29:06.651,STT_SPEECH_CONTEXT,bf0fa48f613fdf0b2793c9372faf42e8bb3aa883 urmc-89d910f65fcc8f771e58593cb7e0ce9d,180,"[{'boost': 20, 'phrases': ['no', 'yes']}]"
1666d847-1a6e-4063-b306-159352386344,08fd0ad8-b8bd-4c6d-a1bf-c381dbe24b4d,47,"{'nluEngineVersion': '65d388268f9c81a5fb065f9cf8445d04396053ce urmc-f8af18fcbc10a021a6068c79edd3e93f', 'requestLatency': 293, 'speechContexts': [{'boost': 20, 'phrases': ['no', 'yes']}]}",66fc4f45f5f972a5bee7d74e,2024-10-01 22:36:37.015,STT_SPEECH_CONTEXT,65d388268f9c81a5fb065f9cf8445d04396053ce urmc-f8af18fcbc10a021a6068c79edd3e93f,293,"[{'boost': 20, 'phrases': ['no', 'yes']}]"
2976cc9b-7d9a-4736-bc0a-ec49866965b7,08fd0ad8-b8bd-4c6d-a1bf-c381dbe24b4d,42,"{'nluEngineVersion': '2e1507ce847342e9c6b49a2a855bd4def47b8a06 urmc-9e92385eca986a968c0ca3e707e0274a', 'requestLatency': 146, 'speechContexts': [{'boost': 20, 'phrases': ['no', 'yes']}]}",66fbea0bce37c3783476c5da,2024-10-01 15:24:43.105,STT_SPEECH_CONTEXT,2e1507ce847342e9c6b49a2a855bd4def47b8a06 urmc-9e92385eca986a968c0ca3e707e0274a,146,"[{'boost': 20, 'phrases': ['no', 'yes']}]"
9760ab45-4366-40c1-8383-362b95d5a108,08fd0ad8-b8bd-4c6d-a1bf-c381dbe24b4d,41,"{'nluEngineVersion': '994728dac64a817fed0f861790cb68161d62463e urmc-5045c59462abcdbf1dd96474e081c41b', 'requestLatency': 166, 'speechContexts': [{'boost': 20, 'phrases': ['no', 'yes']}]}",66fc0b7555f202ce26f68954,2024-10-01 17:47:17.231,STT_SPEECH_CONTEXT,994728dac64a817fed0f861790cb68161d62463e urmc-5045c59462abcdbf1dd96474e081c41b,166,"[{'boost': 20, 'phrases': ['no', 'yes']}]"
02ab6f8d-23e3-4ffc-a1c8-2f75baac3101,08fd0ad8-b8bd-4c6d-a1bf-c381dbe24b4d,48,"{'nluEngineVersion': '65d388268f9c81a5fb065f9cf8445d04396053ce urmc-f8af18fcbc10a021a6068c79edd3e93f', 'requestLatency': 292, 'speechContexts': [{'boost': 20, 'phrases': ['no', 'yes']}]}",66fc513055f202ce26fa6fc6,2024-10-01 22:44:48.405,STT_SPEECH_CONTEXT,65d388268f9c81a5fb065f9cf8445d04396053ce urmc-f8af18fcbc10a021a6068c79edd3e93f,292,"[{'boost': 20, 'phrases': ['no', 'yes']}]"
35d2620a-aa32-4f2d-b018-576b5a0f7de1,08fd0ad8-b8bd-4c6d-a1bf-c381dbe24b4d,34,"{'nluEngineVersion': '7d76806dacd9022f43205c499f77a1529744b90b urmc-f6abf1135b374ee1def31fd3efc6e049', 'requestLatency': 218, 'speechContexts': [{'boost': 20, 'phrases': ['no', 'yes']}]}",6703db53ce37c37834ceb2c6,2024-10-07 16:00:03.458,STT_SPEECH_CONTEXT,7d76806dacd9022f43205c499f77a1529744b90b urmc-f6abf1135b374ee1def31fd3efc6e049,218,"[{'boost': 20, 'phrases': ['no', 'yes']}]"
2e0160c9-3df3-4f15-ba4c-d2c9efc0a881,08fd0ad8-b8bd-4c6d-a1bf-c381dbe24b4d,42,"{'nluEngineVersion': 'f5a10b14fec038fdf643d891591f0686cac51771 urmc-169973b677a1a13aeec39e84f4b2807a', 'requestLatency': 373, 'speechContexts': [{'boost': 20, 'phrases': ['no', 'yes']}]}",6703f70b00ab2c30dea89ed6,2024-10-07 17:58:19.748,STT_SPEECH_CONTEXT,f5a10b14fec038fdf643d891591f0686cac51771 urmc-169973b677a1a13aeec39e84f4b2807a,373,"[{'boost': 20, 'phrases': ['no', 'yes']}]"
2e0160c9-3df3-4f15-ba4c-d2c9efc0a881,08fd0ad8-b8bd-4c6d-a1bf-c381dbe24b4d,156,"{'nluEngineVersion': 'f5a10b14fec038fdf643d891591f0686cac51771 urmc-169973b677a1a13aeec39e84f4b2807a', 'requestLatency': 324, 'speechContexts': [{'boost': 20, 'phrases': ['no', 'yes']}]}",6703f8f800ab2c30dea8b9df,2024-10-07 18:06:32.973,STT_SPEECH_CONTEXT,f5a10b14fec038fdf643d891591f0686cac51771 urmc-169973b677a1a13aeec39e84f4b2807a,324,"[{'boost': 20, 'phrases': ['no', 'yes']}]"
f8e1fda0-5070-42c8-b5bb-2288d7b345e7,08fd0ad8-b8bd-4c6d-a1bf-c381dbe24b4d,45,"{'nluEngineVersion': 'd19ace2641a995554c48700cbecb9ca30b97477f urmc-169973b677a1a13aeec39e84f4b2807a', 'requestLatency': 284, 'speechContexts': [{'boost': 20, 'phrases': ['no', 'yes']}]}",670424c255f202ce26476bd9,2024-10-07 21:13:22.969,STT_SPEECH_CONTEXT,d19ace2641a995554c48700cbecb9ca30b97477f urmc-169973b677a1a13aeec39e84f4b2807a,284,"[{'boost': 20, 'phrases': ['no', 'yes']}]"
dde21e51-da50-40f1-8e97-308e52e1df9f,08fd0ad8-b8bd-4c6d-a1bf-c381dbe24b4d,85,"{'nluEngineVersion': 'f5a10b14fec038fdf643d891591f0686cac51771 urmc-169973b677a1a13aeec39e84f4b2807a', 'requestLatency': 329, 'speechContexts': [{'boost': 20, 'phrases': ['no', 'yes']}]}",67041633ce37c37834d22dd7,2024-10-07 20:11:15.803,STT_SPEECH_CONTEXT,f5a10b14fec038fdf643d891591f0686cac51771 urmc-169973b677a1a13aeec39e84f4b2807a,329,"[{'boost': 20, 'phrases': ['no', 'yes']}]"
3223cf35-c71d-4fe3-b9c1-68872df9ab96,08fd0ad8-b8bd-4c6d-a1bf-c381dbe24b4d,59,"{'nluEngineVersion': 'f5a10b14fec038fdf643d891591f0686cac51771 urmc-169973b677a1a13aeec39e84f4b2807a', 'requestLatency': 282, 'speechContexts': [{'boost': 20, 'phrases': ['no', 'yes']}]}",6703fe78ce37c37834d0dcfc,2024-10-07 18:30:00.734,STT_SPEECH_CONTEXT,f5a10b14fec038fdf643d891591f0686cac51771 urmc-169973b677a1a13aeec39e84f4b2807a,282,"[{'boost': 20, 'phrases': ['no', 'yes']}]"
80d00fe3-b19d-4102-98d9-0256c16ed540,08fd0ad8-b8bd-4c6d-a1bf-c381dbe24b4d,52,"{'nluEngineVersion': '7d76806dacd9022f43205c499f77a1529744b90b urmc-f6abf1135b374ee1def31fd3efc6e049', 'requestLatency': 333, 'speechContexts': [{'boost': 20, 'phrases': ['no', 'yes']}]}",6703d032ce37c37834ce1fd4,2024-10-07 15:12:34.538,STT_SPEECH_CONTEXT,7d76806dacd9022f43205c499f77a1529744b90b urmc-f6abf1135b374ee1def31fd3efc6e049,333,"[{'boost': 20, 'phrases': ['no', 'yes']}]"
fd75fe86-b7b4-47aa-a62c-5c0d61a5bf6e,08fd0ad8-b8bd-4c6d-a1bf-c381dbe24b4d,83,"{'nluEngineVersion': 'd19ace2641a995554c48700cbecb9ca30b97477f urmc-169973b677a1a13aeec39e84f4b2807a', 'requestLatency': 132, 'speechContexts': [{'boost': 20, 'phrases': ['no', 'yes']}]}",67042bd0ce37c37834d35fe3,2024-10-07 21:43:28.993,STT_SPEECH_CONTEXT,d19ace2641a995554c48700cbecb9ca30b97477f urmc-169973b677a1a13aeec39e84f4b2807a,132,"[{'boost': 20, 'phrases': ['no', 'yes']}]"
300648c3-de1b-4612-a42a-9b78bba021aa,08fd0ad8-b8bd-4c6d-a1bf-c381dbe24b4d,41,"{'nluEngineVersion': 'd19ace2641a995554c48700cbecb9ca30b97477f urmc-169973b677a1a13aeec39e84f4b2807a', 'requestLatency': 146, 'speechContexts': [{'boost': 20, 'phrases': ['no', 'yes']}]}",67043095dd018676c742e865,2024-10-07 22:03:49.442,STT_SPEECH_CONTEXT,d19ace2641a995554c48700cbecb9ca30b97477f urmc-169973b677a1a13aeec39e84f4b2807a,146,"[{'boost': 20, 'phrases': ['no', 'yes']}]"
5d2a65b9-54d5-4e04-b044-850cafd46e85,08fd0ad8-b8bd-4c6d-a1bf-c381dbe24b4d,47,"{'nluEngineVersion': '7d76806dacd9022f43205c499f77a1529744b90b urmc-169973b677a1a13aeec39e84f4b2807a', 'requestLatency': 332, 'speechContexts': [{'boost': 20, 'phrases': ['no', 'yes']}]}",6703e9f455f202ce26442601,2024-10-07 17:02:28.160,STT_SPEECH_CONTEXT,7d76806dacd9022f43205c499f77a1529744b90b urmc-169973b677a1a13aeec39e84f4b2807a,332,"[{'boost': 20, 'phrases': ['no', 'yes']}]"
d83e8d32-9190-42b7-ae09-3b46ab5f9294,08fd0ad8-b8bd-4c6d-a1bf-c381dbe24b4d,34,"{'nluEngineVersion': '7d76806dacd9022f43205c499f77a1529744b90b urmc-169973b677a1a13aeec39e84f4b2807a', 'requestLatency': 401, 'speechContexts': [{'boost': 20, 'phrases': ['no', 'yes']}]}",6703f074dd018676c73f617c,2024-10-07 17:30:12.097,STT_SPEECH_CONTEXT,7d76806dacd9022f43205c499f77a1529744b90b urmc-169973b677a1a13aeec39e84f4b2807a,401,"[{'boost': 20, 'phrases': ['no', 'yes']}]"
adea2aec-a361-46f1-91fe-73c86591bd14,08fd0ad8-b8bd-4c6d-a1bf-c381dbe24b4d,41,"{'nluEngineVersion': 'f5a10b14fec038fdf643d891591f0686cac51771 urmc-169973b677a1a13aeec39e84f4b2807a', 'requestLatency': 169, 'speechContexts': [{'boost': 20, 'phrases': ['no', 'yes']}]}",6704149255f202ce26469267,2024-10-07 20:04:18.747,STT_SPEECH_CONTEXT,f5a10b14fec038fdf643d891591f0686cac51771 urmc-169973b677a1a13aeec39e84f4b2807a,169,"[{'boost': 20, 'phrases': ['no', 'yes']}]"
e69c48f8-0692-4116-86c5-00f0b4077e1f,08fd0ad8-b8bd-4c6d-a1bf-c381dbe24b4d,42,"{'nluEngineVersion': 'bf0fa48f613fdf0b2793c9372faf42e8bb3aa883 urmc-89d910f65fcc8f771e58593cb7e0ce9d', 'requestLatency': 145, 'speechContexts': [{'boost': 20, 'phrases': ['no', 'yes']}]}",670d5156881e9aad8ce42445,2024-10-14 20:13:58.512,STT_SPEECH_CONTEXT,bf0fa48f613fdf0b2793c9372faf42e8bb3aa883 urmc-89d910f65fcc8f771e58593cb7e0ce9d,145,"[{'boost': 20, 'phrases': ['no', 'yes']}]"
531d8138-9ea7-4373-9ea6-1a48bf5e60ef,08fd0ad8-b8bd-4c6d-a1bf-c381dbe24b4d,58,"{'nluEngineVersion': '65d388268f9c81a5fb065f9cf8445d04396053ce urmc-6a3114572dffb9b823623fc3281cb224', 'requestLatency': 179, 'speechContexts': [{'boost': 20, 'phrases': ['no', 'yes']}]}",66fd952f55f202ce2606e80c,2024-10-02 21:47:11.047,STT_SPEECH_CONTEXT,65d388268f9c81a5fb065f9cf8445d04396053ce urmc-6a3114572dffb9b823623fc3281cb224,179,"[{'boost': 20, 'phrases': ['no', 'yes']}]"
9a9df2d4-579d-44e7-85b2-bf145ef41226,08fd0ad8-b8bd-4c6d-a1bf-c381dbe24b4d,82,"{'nluEngineVersion': '65d388268f9c81a5fb065f9cf8445d04396053ce urmc-f8af18fcbc10a021a6068c79edd3e93f', 'requestLatency': 225, 'speechContexts': [{'boost': 20, 'phrases': ['no', 'yes']}]}",66fd72714a29b75ae498c127,2024-10-02 19:18:57.175,STT_SPEECH_CONTEXT,65d388268f9c81a5fb065f9cf8445d04396053ce urmc-f8af18fcbc10a021a6068c79edd3e93f,225,"[{'boost': 20, 'phrases': ['no', 'yes']}]"
9a9df2d4-579d-44e7-85b2-bf145ef41226,08fd0ad8-b8bd-4c6d-a1bf-c381dbe24b4d,116,"{'nluEngineVersion': '65d388268f9c81a5fb065f9cf8445d04396053ce urmc-f8af18fcbc10a021a6068c79edd3e93f', 'requestLatency': 289, 'speechContexts': [{'boost': 20, 'phrases': ['no', 'yes']}]}",66fd728e4a29b75ae498c2c2,2024-10-02 19:19:26.178,STT_SPEECH_CONTEXT,65d388268f9c81a5fb065f9cf8445d04396053ce urmc-f8af18fcbc10a021a6068c79edd3e93f,289,"[{'boost': 20, 'phrases': ['no', 'yes']}]"
9a9df2d4-579d-44e7-85b2-bf145ef41226,08fd0ad8-b8bd-4c6d-a1bf-c381dbe24b4d,179,"{'nluEngineVersion': '65d388268f9c81a5fb065f9cf8445d04396053ce urmc-f8af18fcbc10a021a6068c79edd3e93f', 'requestLatency': 793, 'speechContexts': [{'boost': 20, 'phrases': ['no', 'yes']}]}",66fd72b54a29b75ae498c50c,2024-10-02 19:20:05.460,STT_SPEECH_CONTEXT,65d388268f9c81a5fb065f9cf8445d04396053ce urmc-f8af18fcbc10a021a6068c79edd3e93f,793,"[{'boost': 20, 'phrases': ['no', 'yes']}]"
0d6d27ef-c591-4c4a-91fd-654092577cae,08fd0ad8-b8bd-4c6d-a1bf-c381dbe24b4d,70,"{'nluEngineVersion': 'bf0fa48f613fdf0b2793c9372faf42e8bb3aa883 urmc-89d910f65fcc8f771e58593cb7e0ce9d', 'requestLatency': 501, 'speechContexts': [{'boost': 20, 'phrases': ['no', 'yes']}]}",670d49b18790e7f88c2757d9,2024-10-14 19:41:21.771,STT_SPEECH_CONTEXT,bf0fa48f613fdf0b2793c9372faf42e8bb3aa883 urmc-89d910f65fcc8f771e58593cb7e0ce9d,501,"[{'boost': 20, 'phrases': ['no', 'yes']}]"
acfe2922-4449-4367-81b6-6a2b55a72e29,08fd0ad8-b8bd-4c6d-a1bf-c381dbe24b4d,49,"{'nluEngineVersion': 'bf0fa48f613fdf0b2793c9372faf42e8bb3aa883 urmc-89d910f65fcc8f771e58593cb7e0ce9d', 'requestLatency': 188, 'speechContexts': [{'boost': 20, 'phrases': ['no', 'yes']}]}",670d46b88790e7f88c273051,2024-10-14 19:28:40.187,STT_SPEECH_CONTEXT,bf0fa48f613fdf0b2793c9372faf42e8bb3aa883 urmc-89d910f65fcc8f771e58593cb7e0ce9d,188,"[{'boost': 20, 'phrases': ['no', 'yes']}]"
70a8a5ee-e5a0-4ecf-bb47-f04d5d51f1aa,08fd0ad8-b8bd-4c6d-a1bf-c381dbe24b4d,38,"{'nluEngineVersion': '8307155cd3fb198077acd99ef4a2e834c23ed71f urmc-89d910f65fcc8f771e58593cb7e0ce9d', 'requestLatency': 300, 'speechContexts': [{'boost': 20, 'phrases': ['no', 'yes']}]}",670d5a178790e7f88c2844fd,2024-10-14 20:51:19.777,STT_SPEECH_CONTEXT,8307155cd3fb198077acd99ef4a2e834c23ed71f urmc-89d910f65fcc8f771e58593cb7e0ce9d,300,"[{'boost': 20, 'phrases': ['no', 'yes']}]"
67d55272-7a89-478a-8104-40f533d9321d,08fd0ad8-b8bd-4c6d-a1bf-c381dbe24b4d,35,"{'nluEngineVersion': '0668b4298420020a85dadd5a28482c463c374e23 urmc-d7b76ab58052fc65932cbb27caa4ced2', 'requestLatency': 294, 'speechContexts': [{'boost': 20, 'phrases': ['no', 'yes']}]}",670ea73ac6d56ea4415eb9bb,2024-10-15 20:32:42.786,STT_SPEECH_CONTEXT,0668b4298420020a85dadd5a28482c463c374e23 urmc-d7b76ab58052fc65932cbb27caa4ced2,294,"[{'boost': 20, 'phrases': ['no', 'yes']}]"
42f90345-2fd6-4c99-8ea8-28175bbf03c6,08fd0ad8-b8bd-4c6d-a1bf-c381dbe24b4d,37,"{'nluEngineVersion': '0668b4298420020a85dadd5a28482c463c374e23 urmc-d7b76ab58052fc65932cbb27caa4ced2', 'requestLatency': 304, 'speechContexts': [{'boost': 20, 'phrases': ['no', 'yes']}]}",670e733b8529bdd288bb967b,2024-10-15 16:50:51.667,STT_SPEECH_CONTEXT,0668b4298420020a85dadd5a28482c463c374e23 urmc-d7b76ab58052fc65932cbb27caa4ced2,304,"[{'boost': 20, 'phrases': ['no', 'yes']}]"
cc946338-834b-4acc-99c0-16d533479445,08fd0ad8-b8bd-4c6d-a1bf-c381dbe24b4d,35,"{'nluEngineVersion': '0668b4298420020a85dadd5a28482c463c374e23 urmc-d7b76ab58052fc65932cbb27caa4ced2', 'requestLatency': 265, 'speechContexts': [{'boost': 20, 'phrases': ['no', 'yes']}]}",670ea301c6d56ea4415e730b,2024-10-15 20:14:41.246,STT_SPEECH_CONTEXT,0668b4298420020a85dadd5a28482c463c374e23 urmc-d7b76ab58052fc65932cbb27caa4ced2,265,"[{'boost': 20, 'phrases': ['no', 'yes']}]"
9a1d2109-189a-45b4-acaf-b5cfbf3d9b1f,08fd0ad8-b8bd-4c6d-a1bf-c381dbe24b4d,35,"{'nluEngineVersion': '6ea939c99252fd8d2b84582660f85fe69c4a6877 urmc-d7b76ab58052fc65932cbb27caa4ced2', 'requestLatency': 578, 'speechContexts': [{'boost': 20, 'phrases': ['no', 'yes']}]}",670ebbb5c6d56ea4415fce56,2024-10-15 22:00:05.840,STT_SPEECH_CONTEXT,6ea939c99252fd8d2b84582660f85fe69c4a6877 urmc-d7b76ab58052fc65932cbb27caa4ced2,578,"[{'boost': 20, 'phrases': ['no', 'yes']}]"
be6a22e7-3d06-4237-afce-c3ea88c1c466,08fd0ad8-b8bd-4c6d-a1bf-c381dbe24b4d,42,"{'nluEngineVersion': '6ea939c99252fd8d2b84582660f85fe69c4a6877 urmc-d7b76ab58052fc65932cbb27caa4ced2', 'requestLatency': 148, 'speechContexts': [{'boost': 20, 'phrases': ['no', 'yes']}]}",670ec6ee4031c12e658e6c56,2024-10-15 22:47:58.362,STT_SPEECH_CONTEXT,6ea939c99252fd8d2b84582660f85fe69c4a6877 urmc-d7b76ab58052fc65932cbb27caa4ced2,148,"[{'boost': 20, 'phrases': ['no', 'yes']}]"
b5199ff7-d026-4679-aaf5-694b6c598d9f,08fd0ad8-b8bd-4c6d-a1bf-c381dbe24b4d,98,"{'nluEngineVersion': '0668b4298420020a85dadd5a28482c463c374e23 urmc-d7b76ab58052fc65932cbb27caa4ced2', 'requestLatency': 107, 'speechContexts': [{'boost': 20, 'phrases': ['no', 'yes']}]}",670e85d2c6d56ea4415cb9ea,2024-10-15 18:10:10.025,STT_SPEECH_CONTEXT,0668b4298420020a85dadd5a28482c463c374e23 urmc-d7b76ab58052fc65932cbb27caa4ced2,107,"[{'boost': 20, 'phrases': ['no', 'yes']}]"
f9025793-df3c-4d4e-b9ed-2dd15a337251,08fd0ad8-b8bd-4c6d-a1bf-c381dbe24b4d,42,"{'nluEngineVersion': 'a6f109567b9d330e351f52437db72c06ebe694f2 urmc-f95578ec092932482f95a0d3fdaedaa8', 'requestLatency': 155, 'speechContexts': [{'boost': 20, 'phrases': ['no', 'yes']}]}",67054b0d4f3c05168c76e481,2024-10-08 18:09:01.595,STT_SPEECH_CONTEXT,a6f109567b9d330e351f52437db72c06ebe694f2 urmc-f95578ec092932482f95a0d3fdaedaa8,155,"[{'boost': 20, 'phrases': ['no', 'yes']}]"
3e7519e6-f5ad-4c54-81c8-8fc6ddc3dd1d,08fd0ad8-b8bd-4c6d-a1bf-c381dbe24b4d,59,"{'nluEngineVersion': 'a6f109567b9d330e351f52437db72c06ebe694f2 urmc-f95578ec092932482f95a0d3fdaedaa8', 'requestLatency': 414, 'speechContexts': [{'boost': 20, 'phrases': ['no', 'yes']}]}",670553417673c82f42662131,2024-10-08 18:44:01.469,STT_SPEECH_CONTEXT,a6f109567b9d330e351f52437db72c06ebe694f2 urmc-f95578ec092932482f95a0d3fdaedaa8,414,"[{'boost': 20, 'phrases': ['no', 'yes']}]"
8a0cda1f-5b2f-4ca5-80b6-b6af3f19b1c3,08fd0ad8-b8bd-4c6d-a1bf-c381dbe24b4d,50,"{'nluEngineVersion': 'a6f109567b9d330e351f52437db72c06ebe694f2 urmc-f95578ec092932482f95a0d3fdaedaa8', 'requestLatency': 544, 'speechContexts': [{'boost': 20, 'phrases': ['no', 'yes']}]}",67054d0a14519701d6ddadc1,2024-10-08 18:17:30.116,STT_SPEECH_CONTEXT,a6f109567b9d330e351f52437db72c06ebe694f2 urmc-f95578ec092932482f95a0d3fdaedaa8,544,"[{'boost': 20, 'phrases': ['no', 'yes']}]"
30d5a0a2-6ab6-4bb9-9fd7-21df54c79301,08fd0ad8-b8bd-4c6d-a1bf-c381dbe24b4d,46,"{'nluEngineVersion': 'a6f109567b9d330e351f52437db72c06ebe694f2 urmc-f95578ec092932482f95a0d3fdaedaa8', 'requestLatency': 156, 'speechContexts': [{'boost': 20, 'phrases': ['no', 'yes']}]}",670575c84f3c05168c798970,2024-10-08 21:11:20.589,STT_SPEECH_CONTEXT,a6f109567b9d330e351f52437db72c06ebe694f2 urmc-f95578ec092932482f95a0d3fdaedaa8,156,"[{'boost': 20, 'phrases': ['no', 'yes']}]"
db0e6c8a-410d-4b73-abbf-84d1f7cf141c,08fd0ad8-b8bd-4c6d-a1bf-c381dbe24b4d,43,"{'nluEngineVersion': 'a6f109567b9d330e351f52437db72c06ebe694f2 urmc-f95578ec092932482f95a0d3fdaedaa8', 'requestLatency': 235, 'speechContexts': [{'boost': 20, 'phrases': ['no', 'yes']}]}",6705873b0f278e6ab116fc09,2024-10-08 22:25:47.748,STT_SPEECH_CONTEXT,a6f109567b9d330e351f52437db72c06ebe694f2 urmc-f95578ec092932482f95a0d3fdaedaa8,235,"[{'boost': 20, 'phrases': ['no', 'yes']}]"
09563bfb-8e66-4a75-8439-cdff94ef3afa,08fd0ad8-b8bd-4c6d-a1bf-c381dbe24b4d,113,"{'nluEngineVersion': 'a6f109567b9d330e351f52437db72c06ebe694f2 urmc-f95578ec092932482f95a0d3fdaedaa8', 'requestLatency': 311, 'speechContexts': [{'boost': 20, 'phrases': ['no', 'yes']}]}",67057ffd7673c82f4268d50b,2024-10-08 21:54:53.104,STT_SPEECH_CONTEXT,a6f109567b9d330e351f52437db72c06ebe694f2 urmc-f95578ec092932482f95a0d3fdaedaa8,311,"[{'boost': 20, 'phrases': ['no', 'yes']}]"
ff3bc71f-5103-4fb6-8e4d-720fda321e96,08fd0ad8-b8bd-4c6d-a1bf-c381dbe24b4d,49,"{'nluEngineVersion': 'a6f109567b9d330e351f52437db72c06ebe694f2 urmc-f95578ec092932482f95a0d3fdaedaa8', 'requestLatency': 203, 'speechContexts': [{'boost': 20, 'phrases': ['no', 'yes']}]}",67054c854f3c05168c76fe81,2024-10-08 18:15:17.791,STT_SPEECH_CONTEXT,a6f109567b9d330e351f52437db72c06ebe694f2 urmc-f95578ec092932482f95a0d3fdaedaa8,203,"[{'boost': 20, 'phrases': ['no', 'yes']}]"
0d856495-0e84-4650-afeb-62169821d435,08fd0ad8-b8bd-4c6d-a1bf-c381dbe24b4d,43,"{'nluEngineVersion': 'a6f109567b9d330e351f52437db72c06ebe694f2 urmc-f95578ec092932482f95a0d3fdaedaa8', 'requestLatency': 150, 'speechContexts': [{'boost': 20, 'phrases': ['no', 'yes']}]}",67056e757673c82f4267c8d5,2024-10-08 20:40:05.206,STT_SPEECH_CONTEXT,a6f109567b9d330e351f52437db72c06ebe694f2 urmc-f95578ec092932482f95a0d3fdaedaa8,150,"[{'boost': 20, 'phrases': ['no', 'yes']}]"
c6be77db-0c7f-43a7-8780-6d8ecb10e86b,08fd0ad8-b8bd-4c6d-a1bf-c381dbe24b4d,36,"{'nluEngineVersion': 'e04547ebabc1ce823670359ac9eb2f882eac7a1c urmc-0bbf8416e2dffb4d5af60416f6e94ed5', 'requestLatency': 282, 'speechContexts': [{'boost': 20, 'phrases': ['no', 'yes']}]}",6706d73214519701d6f0241b,2024-10-09 22:19:14.813,STT_SPEECH_CONTEXT,e04547ebabc1ce823670359ac9eb2f882eac7a1c urmc-0bbf8416e2dffb4d5af60416f6e94ed5,282,"[{'boost': 20, 'phrases': ['no', 'yes']}]"
7824d52f-b8d4-4faf-9c0b-b4a4536affbf,08fd0ad8-b8bd-4c6d-a1bf-c381dbe24b4d,49,"{'nluEngineVersion': '9fa39a7450e451c50af6cd065449a16961ff1eff urmc-0bbf8416e2dffb4d5af60416f6e94ed5', 'requestLatency': 324, 'speechContexts': [{'boost': 20, 'phrases': ['no', 'yes']}]}",670679d814519701d6ea7126,2024-10-09 15:40:56.418,STT_SPEECH_CONTEXT,9fa39a7450e451c50af6cd065449a16961ff1eff urmc-0bbf8416e2dffb4d5af60416f6e94ed5,324,"[{'boost': 20, 'phrases': ['no', 'yes']}]"
b0a095a0-9a72-4cdb-884d-c065eafb3a54,08fd0ad8-b8bd-4c6d-a1bf-c381dbe24b4d,78,"{'nluEngineVersion': '9fa39a7450e451c50af6cd065449a16961ff1eff urmc-0bbf8416e2dffb4d5af60416f6e94ed5', 'requestLatency': 285, 'speechContexts': [{'boost': 20, 'phrases': ['no', 'yes']}]}",670683637673c82f42731f52,2024-10-09 16:21:39.707,STT_SPEECH_CONTEXT,9fa39a7450e451c50af6cd065449a16961ff1eff urmc-0bbf8416e2dffb4d5af60416f6e94ed5,285,"[{'boost': 20, 'phrases': ['no', 'yes']}]"
228212a6-56b6-4f69-8037-5b21e71124ac,08fd0ad8-b8bd-4c6d-a1bf-c381dbe24b4d,57,"{'nluEngineVersion': 'e04547ebabc1ce823670359ac9eb2f882eac7a1c urmc-0bbf8416e2dffb4d5af60416f6e94ed5', 'requestLatency': 179, 'speechContexts': [{'boost': 20, 'phrases': ['no', 'yes']}]}",6706cb6d9a99212463d12d15,2024-10-09 21:29:01.793,STT_SPEECH_CONTEXT,e04547ebabc1ce823670359ac9eb2f882eac7a1c urmc-0bbf8416e2dffb4d5af60416f6e94ed5,179,"[{'boost': 20, 'phrases': ['no', 'yes']}]"
bd0f17f9-67bc-4f2f-bb5b-2b7aff5a957c,08fd0ad8-b8bd-4c6d-a1bf-c381dbe24b4d,36,"{'nluEngineVersion': '7c8aa7cf05639bb2edb7c225a6aa00c85537c812 urmc-b36d458c4b00d2be35abe2d4d99f8ef6', 'requestLatency': 270, 'speechContexts': [{'boost': 20, 'phrases': ['no', 'yes']}]}",670962c78b7dd681e9347210,2024-10-11 20:39:19.408,STT_SPEECH_CONTEXT,7c8aa7cf05639bb2edb7c225a6aa00c85537c812 urmc-b36d458c4b00d2be35abe2d4d99f8ef6,270,"[{'boost': 20, 'phrases': ['no', 'yes']}]"
339bc342-cc30-4748-b3b5-c1172f3a2c86,08fd0ad8-b8bd-4c6d-a1bf-c381dbe24b4d,44,"{'nluEngineVersion': '7c8aa7cf05639bb2edb7c225a6aa00c85537c812 urmc-b36d458c4b00d2be35abe2d4d99f8ef6', 'requestLatency': 312, 'speechContexts': [{'boost': 20, 'phrases': ['no', 'yes']}]}",670925f926d0feb902ccb88e,2024-10-11 16:19:53.718,STT_SPEECH_CONTEXT,7c8aa7cf05639bb2edb7c225a6aa00c85537c812 urmc-b36d458c4b00d2be35abe2d4d99f8ef6,312,"[{'boost': 20, 'phrases': ['no', 'yes']}]"
16ebf895-cf39-4e99-bab2-595c640a12b9,08fd0ad8-b8bd-4c6d-a1bf-c381dbe24b4d,46,"{'nluEngineVersion': '65d388268f9c81a5fb065f9cf8445d04396053ce urmc-480f4182e6c89e0232888471a5937803', 'requestLatency': 145, 'speechContexts': [{'boost': 20, 'phrases': ['no', 'yes']}]}",67003e22da6a1c14832404a6,2024-10-04 22:12:34.717,STT_SPEECH_CONTEXT,65d388268f9c81a5fb065f9cf8445d04396053ce urmc-480f4182e6c89e0232888471a5937803,145,"[{'boost': 20, 'phrases': ['no', 'yes']}]"
23b6e26f-c93c-408b-8977-bc6cba8d5805,08fd0ad8-b8bd-4c6d-a1bf-c381dbe24b4d,94,"{'nluEngineVersion': '65d388268f9c81a5fb065f9cf8445d04396053ce urmc-480f4182e6c89e0232888471a5937803', 'requestLatency': 149, 'speechContexts': [{'boost': 20, 'phrases': ['no', 'yes']}]}",66fff7edce37c37834a809db,2024-10-04 17:13:01.083,STT_SPEECH_CONTEXT,65d388268f9c81a5fb065f9cf8445d04396053ce urmc-480f4182e6c89e0232888471a5937803,149,"[{'boost': 20, 'phrases': ['no', 'yes']}]"
4bca2520-0c38-4b61-a01a-0fd0d7b1c173,08fd0ad8-b8bd-4c6d-a1bf-c381dbe24b4d,118,"{'nluEngineVersion': '65d388268f9c81a5fb065f9cf8445d04396053ce urmc-480f4182e6c89e0232888471a5937803', 'requestLatency': 189, 'speechContexts': [{'boost': 20, 'phrases': ['no', 'yes']}]}",67002cf4fd4c301deb1c981f,2024-10-04 20:59:16.866,STT_SPEECH_CONTEXT,65d388268f9c81a5fb065f9cf8445d04396053ce urmc-480f4182e6c89e0232888471a5937803,189,"[{'boost': 20, 'phrases': ['no', 'yes']}]"
